DISTRITO,TIPO PERSONA,EDAD,SEXO,VEHÍCULO,DIA,HORA,TIPO DE VÍA,ZONIFICACIÓN,CARACTERÍSTICAS DE VÍA,ESTADO MODALIDAD,POSEE LICENCIA,PREDICCION_GRAVEDAD
SANTA CRUZ DE ANDAMARCA,NO CONDUCTOR,73,0,AUTOMÓVIL,MARTES,6,AVENIDA,COMERCIAL,INTERSECCIÓN,NO CORRESPONDE,1,1
HUARAL,NO CONDUCTOR,95,1,MOTOCICLETA,SÁBADO,12,AVENIDA,INDUSTRIAL,INTERSECCIÓN,NO CORRESPONDE,1,1
LIMA,PEATÓN,88,0,CAMIÓN,DOMINGO,5,OTRO,INDUSTRIAL,INTERSECCIÓN,NO HABILITADO,0,1
CHECRAS,NO CONDUCTOR,6,1,CAMIÓN,MARTES,19,OTRO,COMERCIAL,TRAMO RECTO,NO CORRESPONDE,1,0
ATAVILLOS ALTO,PEATÓN,70,0,CAMIONETA RURAL,DOMINGO,11,AVENIDA,RURAL,OTRO,NO HABILITADO,1,1
SAN MIGUEL DE ACOS,CONDUCTOR,51,0,TRIMOTO PASAJERO,SÁBADO,12,AVENIDA,COMERCIAL,OTRO,NO CORRESPONDE,1,0
CHECRAS,NO CONDUCTOR,50,1,TRIMOTO PASAJERO,SÁBADO,15,OTRO,RURAL,TRAMO RECTO,HABILITADO,0,1
CARABAYLLO,CONDUCTOR,93,1,CAMIONETA RURAL,SÁBADO,3,OTRO,RURAL,TRAMO RECTO,NO HABILITADO,0,0
PACHANGARA,NO CONDUCTOR,45,0,AUTOMÓVIL,LUNES,20,AVENIDA,ESCOLAR,OTRO,NO CORRESPONDE,0,0
HUAURA,NO CONDUCTOR,84,1,CAMIONETA RURAL,MIÉRCOLES,19,OTRO,RESIDENCIAL,INTERSECCIÓN,NO HABILITADO,1,0
PUNTA NEGRA,NO CONDUCTOR,89,1,CAMIÓN,LUNES,12,OTRO,RESIDENCIAL,TRAMO RECTO,HABILITADO,1,0
RIMAC,CONDUCTOR,78,0,TRIMOTO PASAJERO,MARTES,8,OTRO,RESIDENCIAL,INTERSECCIÓN,HABILITADO,1,1
INDEPENDENCIA,PEATÓN,62,0,ÓMNIBUS,MIÉRCOLES,10,CARRETERA,ESCOLAR,OTRO,NO CORRESPONDE,0,1
SAN JUAN DE MIRAFLORES,CONDUCTOR,97,1,MOTOCICLETA,SÁBADO,20,AVENIDA,ESCOLAR,TRAMO RECTO,NO CORRESPONDE,1,1
PACHANGARA,CONDUCTOR,27,1,ÓMNIBUS,DOMINGO,4,OTRO,RESIDENCIAL,OTRO,HABILITADO,0,0
PACHANGARA,NO CONDUCTOR,29,0,OTRO,LUNES,15,CARRETERA,RESIDENCIAL,OTRO,NO CORRESPONDE,0,0
MANAS,PEATÓN,23,0,ÓMNIBUS,MARTES,6,CARRETERA,RESIDENCIAL,INTERSECCIÓN,NO CORRESPONDE,0,1
SANTA ROSA,CONDUCTOR,84,1,MOTOCICLETA,MIÉRCOLES,5,CARRETERA,RESIDENCIAL,OTRO,NO CORRESPONDE,0,1
AMBAR,CONDUCTOR,55,0,MOTOCICLETA,LUNES,3,AVENIDA,RESIDENCIAL,OTRO,HABILITADO,1,1
PUENTE PIEDRA,NO CONDUCTOR,52,1,CAMIONETA RURAL,LUNES,5,AVENIDA,INDUSTRIAL,INTERSECCIÓN,NO HABILITADO,1,0
SUPE,NO CONDUCTOR,93,1,TRIMOTO PASAJERO,MIÉRCOLES,18,CARRETERA,RURAL,TRAMO RECTO,NO HABILITADO,1,1
AUCALLAMA,NO CONDUCTOR,87,1,OTRO,VIERNES,14,OTRO,COMERCIAL,INTERSECCIÓN,NO HABILITADO,0,1
CHILCA,NO CONDUCTOR,36,0,OTRO,DOMINGO,23,AVENIDA,RURAL,OTRO,NO CORRESPONDE,0,0
SAN BARTOLO,PEATÓN,7,1,TRIMOTO PASAJERO,LUNES,7,OTRO,RURAL,OTRO,NO HABILITADO,1,1
LOS OLIVOS,NO CONDUCTOR,78,1,CAMIONETA RURAL,SÁBADO,15,AVENIDA,RURAL,INTERSECCIÓN,HABILITADO,1,0
SANTA CRUZ DE ANDAMARCA,NO CONDUCTOR,71,1,CAMIONETA RURAL,VIERNES,15,AVENIDA,COMERCIAL,INTERSECCIÓN,HABILITADO,1,0
VEGUETA,NO CONDUCTOR,27,0,AUTOMÓVIL,LUNES,4,OTRO,RESIDENCIAL,INTERSECCIÓN,NO CORRESPONDE,1,0
RIMAC,NO CONDUCTOR,98,0,TRIMOTO PASAJERO,MARTES,13,CARRETERA,COMERCIAL,INTERSECCIÓN,HABILITADO,1,1
PUCUSANA,NO CONDUCTOR,40,1,OTRO,VIERNES,9,CARRETERA,COMERCIAL,OTRO,HABILITADO,0,0
AUCALLAMA,NO CONDUCTOR,26,1,CAMIONETA RURAL,MARTES,13,AVENIDA,INDUSTRIAL,INTERSECCIÓN,NO HABILITADO,1,0
RICARDO PALMA,NO CONDUCTOR,43,1,TRIMOTO PASAJERO,SÁBADO,15,OTRO,ESCOLAR,OTRO,HABILITADO,0,0
VEGUETA,CONDUCTOR,57,1,CAMIONETA RURAL,LUNES,13,AVENIDA,INDUSTRIAL,OTRO,NO HABILITADO,0,0
CIENEGUILLA,PEATÓN,4,1,OTRO,LUNES,9,AVENIDA,RESIDENCIAL,INTERSECCIÓN,NO HABILITADO,0,1
MALA,CONDUCTOR,47,0,ÓMNIBUS,SÁBADO,16,AVENIDA,INDUSTRIAL,INTERSECCIÓN,NO CORRESPONDE,1,0
SUPE PUERTO,CONDUCTOR,5,1,MOTOCICLETA,MIÉRCOLES,2,CARRETERA,RESIDENCIAL,OTRO,NO HABILITADO,1,1
BARRANCA,PEATÓN,19,1,ÓMNIBUS,JUEVES,23,AVENIDA,RESIDENCIAL,OTRO,NO HABILITADO,0,0
PUENTE PIEDRA,PEATÓN,36,0,AUTOMÓVIL,LUNES,14,CARRETERA,ESCOLAR,TRAMO RECTO,HABILITADO,1,1
CHILCA,CONDUCTOR,18,1,ÓMNIBUS,VIERNES,13,AVENIDA,ESCOLAR,INTERSECCIÓN,HABILITADO,1,0
HUANCAPON,NO CONDUCTOR,89,0,AUTOMÓVIL,MIÉRCOLES,10,OTRO,ESCOLAR,OTRO,NO HABILITADO,0,1
SAYAN,NO CONDUCTOR,37,1,CAMIÓN,DOMINGO,17,CARRETERA,ESCOLAR,INTERSECCIÓN,NO CORRESPONDE,1,0
SUPE,CONDUCTOR,78,1,AUTOMÓVIL,LUNES,17,AVENIDA,ESCOLAR,OTRO,NO HABILITADO,1,1
SUPE PUERTO,CONDUCTOR,88,1,AUTOMÓVIL,MARTES,9,AVENIDA,INDUSTRIAL,TRAMO RECTO,NO CORRESPONDE,1,0
MAGDALENA DEL MAR,PEATÓN,0,1,ÓMNIBUS,SÁBADO,20,AVENIDA,COMERCIAL,INTERSECCIÓN,NO CORRESPONDE,0,1
SUPE PUERTO,CONDUCTOR,6,1,OTRO,SÁBADO,9,AVENIDA,RESIDENCIAL,TRAMO RECTO,NO CORRESPONDE,1,0
CHACLACAYO,PEATÓN,73,0,AUTOMÓVIL,DOMINGO,6,CARRETERA,INDUSTRIAL,INTERSECCIÓN,NO HABILITADO,0,1
PACHANGARA,CONDUCTOR,23,1,TRIMOTO PASAJERO,VIERNES,10,OTRO,ESCOLAR,TRAMO RECTO,NO CORRESPONDE,0,0
JESUS MARIA,PEATÓN,48,1,CAMIÓN,JUEVES,7,OTRO,RESIDENCIAL,TRAMO RECTO,NO HABILITADO,1,1
LOS OLIVOS,CONDUCTOR,77,0,ÓMNIBUS,MARTES,10,CARRETERA,ESCOLAR,TRAMO RECTO,HABILITADO,1,0
LIMA,NO CONDUCTOR,62,1,ÓMNIBUS,SÁBADO,11,OTRO,RESIDENCIAL,INTERSECCIÓN,NO HABILITADO,1,0
SAN LUIS,CONDUCTOR,57,1,OTRO,MIÉRCOLES,10,OTRO,COMERCIAL,OTRO,HABILITADO,0,1
LOS OLIVOS,NO CONDUCTOR,96,0,CAMIONETA RURAL,DOMINGO,13,CARRETERA,RURAL,OTRO,HABILITADO,0,0
ATE,CONDUCTOR,55,1,CAMIONETA RURAL,MIÉRCOLES,11,AVENIDA,RESIDENCIAL,INTERSECCIÓN,NO HABILITADO,0,0
EL AGUSTINO,PEATÓN,32,1,ÓMNIBUS,JUEVES,22,CARRETERA,RURAL,TRAMO RECTO,NO CORRESPONDE,0,1
SAN VICENTE DE CAÑETE,PEATÓN,38,0,OTRO,MIÉRCOLES,17,CARRETERA,ESCOLAR,OTRO,NO HABILITADO,1,1
PATIVILCA,CONDUCTOR,89,1,OTRO,JUEVES,13,CARRETERA,INDUSTRIAL,TRAMO RECTO,NO CORRESPONDE,0,1
BREÑA,PEATÓN,18,1,MOTOCICLETA,MIÉRCOLES,15,OTRO,ESCOLAR,TRAMO RECTO,NO HABILITADO,0,1
EL AGUSTINO,PEATÓN,13,1,OTRO,JUEVES,8,OTRO,COMERCIAL,OTRO,NO HABILITADO,1,1
CHECRAS,NO CONDUCTOR,82,1,CAMIONETA RURAL,VIERNES,12,OTRO,RESIDENCIAL,INTERSECCIÓN,NO CORRESPONDE,0,0
HUAURA,NO CONDUCTOR,43,0,MOTOCICLETA,DOMINGO,17,OTRO,ESCOLAR,TRAMO RECTO,HABILITADO,0,1
ATAVILLOS ALTO,PEATÓN,36,0,TRIMOTO PASAJERO,JUEVES,7,AVENIDA,COMERCIAL,TRAMO RECTO,HABILITADO,1,1
SAN MATEO,NO CONDUCTOR,98,0,ÓMNIBUS,DOMINGO,16,AVENIDA,INDUSTRIAL,INTERSECCIÓN,HABILITADO,0,0
PACHACAMAC,NO CONDUCTOR,0,0,CAMIONETA RURAL,JUEVES,4,CARRETERA,ESCOLAR,OTRO,NO CORRESPONDE,0,0
LURIN,NO CONDUCTOR,22,0,MOTOCICLETA,DOMINGO,15,OTRO,RURAL,INTERSECCIÓN,NO HABILITADO,0,1
PUNTA HERMOSA,CONDUCTOR,57,0,CAMIÓN,MARTES,18,AVENIDA,INDUSTRIAL,TRAMO RECTO,HABILITADO,0,0
BREÑA,NO CONDUCTOR,94,0,ÓMNIBUS,MARTES,21,OTRO,ESCOLAR,TRAMO RECTO,NO CORRESPONDE,1,0
SAN MIGUEL,PEATÓN,25,1,ÓMNIBUS,SÁBADO,11,AVENIDA,ESCOLAR,INTERSECCIÓN,NO CORRESPONDE,1,1
LA VICTORIA,PEATÓN,85,0,CAMIONETA RURAL,DOMINGO,21,AVENIDA,COMERCIAL,INTERSECCIÓN,NO HABILITADO,1,1
ATAVILLOS ALTO,NO CONDUCTOR,47,1,MOTOCICLETA,LUNES,11,CARRETERA,RURAL,INTERSECCIÓN,HABILITADO,0,1
HUARAL,NO CONDUCTOR,18,0,MOTOCICLETA,LUNES,19,OTRO,INDUSTRIAL,OTRO,NO CORRESPONDE,1,1
CHANCAY,PEATÓN,11,1,CAMIÓN,JUEVES,22,OTRO,COMERCIAL,INTERSECCIÓN,HABILITADO,1,1
CHILCA,NO CONDUCTOR,42,0,ÓMNIBUS,MIÉRCOLES,10,CARRETERA,RESIDENCIAL,OTRO,NO HABILITADO,0,0
PUENTE PIEDRA,NO CONDUCTOR,71,1,MOTOCICLETA,LUNES,2,OTRO,ESCOLAR,TRAMO RECTO,NO CORRESPONDE,0,1
MIRAFLORES,NO CONDUCTOR,45,1,CAMIONETA RURAL,MIÉRCOLES,5,CARRETERA,ESCOLAR,INTERSECCIÓN,NO HABILITADO,0,0
LA VICTORIA,CONDUCTOR,84,0,CAMIÓN,JUEVES,3,AVENIDA,RURAL,INTERSECCIÓN,NO HABILITADO,1,1
SAN VICENTE DE CAÑETE,PEATÓN,12,0,ÓMNIBUS,VIERNES,6,CARRETERA,INDUSTRIAL,OTRO,HABILITADO,1,1
PUNTA HERMOSA,CONDUCTOR,78,0,AUTOMÓVIL,MARTES,10,CARRETERA,COMERCIAL,INTERSECCIÓN,HABILITADO,0,1
EL AGUSTINO,PEATÓN,3,1,MOTOCICLETA,MARTES,20,OTRO,RESIDENCIAL,TRAMO RECTO,HABILITADO,0,1
PUENTE PIEDRA,NO CONDUCTOR,20,1,CAMIONETA RURAL,VIERNES,3,AVENIDA,ESCOLAR,OTRO,NO HABILITADO,1,0
INDEPENDENCIA,CONDUCTOR,97,0,MOTOCICLETA,JUEVES,8,OTRO,COMERCIAL,INTERSECCIÓN,HABILITADO,1,1
LINCE,PEATÓN,41,1,AUTOMÓVIL,MIÉRCOLES,5,AVENIDA,INDUSTRIAL,INTERSECCIÓN,NO CORRESPONDE,0,1
SAYAN,PEATÓN,35,1,MOTOCICLETA,MARTES,4,AVENIDA,ESCOLAR,INTERSECCIÓN,HABILITADO,1,1
LA VICTORIA,CONDUCTOR,58,0,ÓMNIBUS,DOMINGO,18,CARRETERA,INDUSTRIAL,INTERSECCIÓN,NO HABILITADO,1,0
TANTA,NO CONDUCTOR,42,1,CAMIONETA RURAL,SÁBADO,18,OTRO,ESCOLAR,TRAMO RECTO,NO HABILITADO,0,0
PUENTE PIEDRA,CONDUCTOR,59,0,ÓMNIBUS,VIERNES,17,AVENIDA,RURAL,TRAMO RECTO,NO HABILITADO,0,1
SAN ANTONIO,CONDUCTOR,34,1,CAMIONETA RURAL,SÁBADO,3,AVENIDA,ESCOLAR,TRAMO RECTO,HABILITADO,0,0
VILLA EL SALVADOR,CONDUCTOR,4,0,TRIMOTO PASAJERO,SÁBADO,12,OTRO,RESIDENCIAL,TRAMO RECTO,NO HABILITADO,0,0
SAN ISIDRO,NO CONDUCTOR,12,1,CAMIÓN,LUNES,17,AVENIDA,ESCOLAR,OTRO,NO HABILITADO,1,0
VILLA EL SALVADOR,CONDUCTOR,17,0,TRIMOTO PASAJERO,LUNES,22,OTRO,COMERCIAL,OTRO,HABILITADO,0,0
PACHANGARA,CONDUCTOR,80,0,CAMIÓN,LUNES,15,OTRO,RURAL,OTRO,NO CORRESPONDE,0,0
HUALMAY,CONDUCTOR,24,0,OTRO,MARTES,10,AVENIDA,RURAL,TRAMO RECTO,HABILITADO,0,1
HUACHO,NO CONDUCTOR,5,0,AUTOMÓVIL,DOMINGO,9,CARRETERA,RURAL,INTERSECCIÓN,NO CORRESPONDE,0,0
HUARAL,CONDUCTOR,34,1,CAMIONETA RURAL,MARTES,22,CARRETERA,COMERCIAL,OTRO,HABILITADO,0,0
SUPE PUERTO,NO CONDUCTOR,10,1,CAMIONETA RURAL,LUNES,4,AVENIDA,INDUSTRIAL,INTERSECCIÓN,NO HABILITADO,1,0
TANTA,PEATÓN,46,1,TRIMOTO PASAJERO,SÁBADO,22,CARRETERA,COMERCIAL,INTERSECCIÓN,HABILITADO,0,1
OYON,PEATÓN,1,0,CAMIONETA RURAL,DOMINGO,20,CARRETERA,RURAL,TRAMO RECTO,HABILITADO,1,1
CIENEGUILLA,NO CONDUCTOR,23,1,CAMIÓN,SÁBADO,7,CARRETERA,ESCOLAR,INTERSECCIÓN,HABILITADO,0,0
CHICLA,NO CONDUCTOR,32,1,CAMIÓN,MIÉRCOLES,5,OTRO,COMERCIAL,OTRO,NO CORRESPONDE,0,0
CARABAYLLO,CONDUCTOR,83,1,TRIMOTO PASAJERO,DOMINGO,4,AVENIDA,RESIDENCIAL,TRAMO RECTO,HABILITADO,1,1
LURIN,CONDUCTOR,82,0,MOTOCICLETA,LUNES,10,OTRO,ESCOLAR,OTRO,NO CORRESPONDE,0,1
PACCHO,NO CONDUCTOR,12,1,OTRO,JUEVES,15,CARRETERA,RURAL,TRAMO RECTO,HABILITADO,0,0
OYON,CONDUCTOR,7,0,CAMIÓN,MIÉRCOLES,1,CARRETERA,RURAL,OTRO,NO HABILITADO,1,0
MATUCANA,PEATÓN,64,0,TRIMOTO PASAJERO,MIÉRCOLES,22,CARRETERA,INDUSTRIAL,INTERSECCIÓN,HABILITADO,0,1
SAN MIGUEL DE ACOS,CONDUCTOR,18,0,TRIMOTO PASAJERO,MARTES,20,CARRETERA,INDUSTRIAL,INTERSECCIÓN,NO HABILITADO,1,0
LA VICTORIA,NO CONDUCTOR,36,1,MOTOCICLETA,DOMINGO,20,AVENIDA,ESCOLAR,TRAMO RECTO,NO CORRESPONDE,0,1
SUPE PUERTO,CONDUCTOR,56,0,CAMIONETA RURAL,VIERNES,15,CARRETERA,ESCOLAR,TRAMO RECTO,NO CORRESPONDE,0,0
SANTA ROSA,PEATÓN,20,0,AUTOMÓVIL,MARTES,9,AVENIDA,COMERCIAL,OTRO,HABILITADO,1,1
PUNTA NEGRA,NO CONDUCTOR,47,1,OTRO,MIÉRCOLES,14,OTRO,COMERCIAL,OTRO,HABILITADO,1,0
SAN ISIDRO,CONDUCTOR,83,1,OTRO,DOMINGO,20,OTRO,RURAL,OTRO,NO CORRESPONDE,1,0
LIMA,CONDUCTOR,1,1,CAMIONETA RURAL,MARTES,9,OTRO,ESCOLAR,TRAMO RECTO,NO HABILITADO,1,0
BARRANCO,NO CONDUCTOR,12,0,AUTOMÓVIL,JUEVES,5,CARRETERA,RURAL,TRAMO RECTO,NO CORRESPONDE,0,0
PACHACAMAC,PEATÓN,45,1,TRIMOTO PASAJERO,SÁBADO,13,AVENIDA,RESIDENCIAL,TRAMO RECTO,NO HABILITADO,0,1
BARRANCO,CONDUCTOR,89,0,ÓMNIBUS,LUNES,12,OTRO,RESIDENCIAL,INTERSECCIÓN,NO HABILITADO,0,0
PACCHO,CONDUCTOR,1,1,OTRO,MIÉRCOLES,23,OTRO,COMERCIAL,OTRO,NO CORRESPONDE,1,0
SAN ISIDRO,NO CONDUCTOR,56,1,OTRO,DOMINGO,19,AVENIDA,RURAL,INTERSECCIÓN,HABILITADO,0,0
TANTA,CONDUCTOR,70,1,MOTOCICLETA,MARTES,15,OTRO,RESIDENCIAL,TRAMO RECTO,NO HABILITADO,1,1
CIENEGUILLA,NO CONDUCTOR,10,1,CAMIÓN,SÁBADO,1,OTRO,COMERCIAL,OTRO,NO CORRESPONDE,1,0
RICARDO PALMA,CONDUCTOR,51,1,CAMIÓN,JUEVES,7,AVENIDA,ESCOLAR,INTERSECCIÓN,NO CORRESPONDE,1,0
CHECRAS,PEATÓN,51,1,MOTOCICLETA,MIÉRCOLES,20,AVENIDA,RURAL,INTERSECCIÓN,NO CORRESPONDE,1,1
BARRANCA,PEATÓN,80,0,CAMIONETA RURAL,DOMINGO,17,CARRETERA,RURAL,INTERSECCIÓN,NO HABILITADO,1,1
SAN JUAN DE LURIGANCHO,PEATÓN,52,0,AUTOMÓVIL,MIÉRCOLES,8,OTRO,INDUSTRIAL,OTRO,NO HABILITADO,1,1
CAJATAMBO,NO CONDUCTOR,45,0,CAMIÓN,MARTES,8,OTRO,RURAL,OTRO,NO HABILITADO,1,0
CIENEGUILLA,PEATÓN,98,0,ÓMNIBUS,JUEVES,10,AVENIDA,COMERCIAL,INTERSECCIÓN,HABILITADO,0,1
SANTA ANITA,PEATÓN,22,0,CAMIÓN,JUEVES,3,OTRO,RURAL,OTRO,HABILITADO,0,1
VEGUETA,NO CONDUCTOR,14,0,OTRO,JUEVES,10,OTRO,RESIDENCIAL,OTRO,HABILITADO,0,1
CHANCAY,NO CONDUCTOR,42,0,OTRO,MIÉRCOLES,21,OTRO,COMERCIAL,OTRO,HABILITADO,1,0
LURIN,NO CONDUCTOR,51,0,ÓMNIBUS,VIERNES,8,AVENIDA,COMERCIAL,TRAMO RECTO,NO HABILITADO,1,0
SAN JUAN DE LURIGANCHO,PEATÓN,29,1,CAMIÓN,DOMINGO,20,AVENIDA,COMERCIAL,OTRO,NO HABILITADO,1,1
NAVAN,NO CONDUCTOR,50,0,OTRO,VIERNES,9,CARRETERA,COMERCIAL,TRAMO RECTO,NO HABILITADO,0,1
SAN MIGUEL DE ACOS,CONDUCTOR,96,1,CAMIONETA RURAL,VIERNES,20,AVENIDA,RESIDENCIAL,INTERSECCIÓN,NO CORRESPONDE,1,0
PUCUSANA,CONDUCTOR,4,0,OTRO,LUNES,3,CARRETERA,INDUSTRIAL,INTERSECCIÓN,NO CORRESPONDE,1,0
PUNTA NEGRA,PEATÓN,62,0,TRIMOTO PASAJERO,JUEVES,9,CARRETERA,RURAL,OTRO,NO CORRESPONDE,0,1
SURQUILLO,CONDUCTOR,99,0,AUTOMÓVIL,VIERNES,21,AVENIDA,COMERCIAL,TRAMO RECTO,HABILITADO,1,0
ANCON,CONDUCTOR,26,0,ÓMNIBUS,JUEVES,11,CARRETERA,ESCOLAR,TRAMO RECTO,NO HABILITADO,1,0
SAYAN,CONDUCTOR,6,1,TRIMOTO PASAJERO,VIERNES,8,AVENIDA,RURAL,TRAMO RECTO,HABILITADO,1,1
SANTA CRUZ DE ANDAMARCA,PEATÓN,36,0,TRIMOTO PASAJERO,DOMINGO,12,AVENIDA,RURAL,INTERSECCIÓN,NO HABILITADO,1,1
HUAURA,PEATÓN,88,0,CAMIONETA RURAL,JUEVES,3,CARRETERA,ESCOLAR,OTRO,NO CORRESPONDE,1,1
NAVAN,PEATÓN,32,0,AUTOMÓVIL,JUEVES,18,OTRO,INDUSTRIAL,INTERSECCIÓN,HABILITADO,1,1
OYON,PEATÓN,27,0,ÓMNIBUS,LUNES,11,OTRO,RURAL,OTRO,NO CORRESPONDE,0,1
SANTA MARIA,PEATÓN,23,1,TRIMOTO PASAJERO,VIERNES,23,CARRETERA,RURAL,INTERSECCIÓN,NO HABILITADO,0,1
SAN JUAN DE MIRAFLORES,CONDUCTOR,15,0,CAMIÓN,SÁBADO,2,CARRETERA,RURAL,TRAMO RECTO,NO HABILITADO,1,0
CHILCA,NO CONDUCTOR,10,0,CAMIÓN,LUNES,6,OTRO,RESIDENCIAL,OTRO,NO HABILITADO,0,0
TANTA,PEATÓN,100,1,OTRO,MARTES,12,OTRO,COMERCIAL,OTRO,NO HABILITADO,1,1
HUANCAPON,NO CONDUCTOR,63,1,TRIMOTO PASAJERO,LUNES,10,CARRETERA,RESIDENCIAL,INTERSECCIÓN,HABILITADO,1,1
PACHANGARA,PEATÓN,45,1,TRIMOTO PASAJERO,VIERNES,3,AVENIDA,RURAL,TRAMO RECTO,NO CORRESPONDE,0,1
PUEBLO LIBRE,CONDUCTOR,28,0,AUTOMÓVIL,VIERNES,16,AVENIDA,ESCOLAR,OTRO,NO CORRESPONDE,0,0
HUALMAY,CONDUCTOR,29,0,MOTOCICLETA,VIERNES,4,OTRO,ESCOLAR,OTRO,NO CORRESPONDE,1,1
HUALMAY,CONDUCTOR,33,0,AUTOMÓVIL,DOMINGO,12,CARRETERA,RURAL,TRAMO RECTO,NO CORRESPONDE,0,0
MALA,PEATÓN,59,0,MOTOCICLETA,LUNES,2,OTRO,RURAL,TRAMO RECTO,NO CORRESPONDE,1,1
ATE,PEATÓN,96,1,ÓMNIBUS,LUNES,21,CARRETERA,INDUSTRIAL,OTRO,NO HABILITADO,1,1
BREÑA,PEATÓN,12,1,MOTOCICLETA,MIÉRCOLES,20,OTRO,COMERCIAL,TRAMO RECTO,NO CORRESPONDE,1,1
SAN BARTOLO,NO CONDUCTOR,52,0,TRIMOTO PASAJERO,VIERNES,5,AVENIDA,RURAL,INTERSECCIÓN,HABILITADO,1,1
CAJATAMBO,PEATÓN,85,1,CAMIONETA RURAL,LUNES,6,CARRETERA,RESIDENCIAL,OTRO,NO HABILITADO,0,1
PUENTE PIEDRA,NO CONDUCTOR,75,1,CAMIÓN,DOMINGO,11,CARRETERA,RESIDENCIAL,TRAMO RECTO,NO HABILITADO,1,0
INDEPENDENCIA,PEATÓN,35,0,AUTOMÓVIL,MARTES,2,OTRO,ESCOLAR,OTRO,NO HABILITADO,1,1
LURIGANCHO,PEATÓN,48,1,TRIMOTO PASAJERO,MIÉRCOLES,19,CARRETERA,RURAL,TRAMO RECTO,NO CORRESPONDE,0,1
LURIN,PEATÓN,13,1,ÓMNIBUS,MIÉRCOLES,8,OTRO,RESIDENCIAL,OTRO,HABILITADO,1,1
SAN VICENTE DE CAÑETE,PEATÓN,71,0,MOTOCICLETA,JUEVES,18,CARRETERA,ESCOLAR,INTERSECCIÓN,NO HABILITADO,0,1
SANTA ROSA,CONDUCTOR,31,1,ÓMNIBUS,VIERNES,10,CARRETERA,RESIDENCIAL,INTERSECCIÓN,HABILITADO,0,0
CHILCA,NO CONDUCTOR,28,1,MOTOCICLETA,VIERNES,1,AVENIDA,RURAL,TRAMO RECTO,NO HABILITADO,1,1
RIMAC,NO CONDUCTOR,22,1,OTRO,MIÉRCOLES,20,CARRETERA,ESCOLAR,OTRO,NO HABILITADO,1,0
MANAS,CONDUCTOR,1,0,OTRO,VIERNES,8,OTRO,ESCOLAR,INTERSECCIÓN,NO HABILITADO,1,0
BARRANCA,NO CONDUCTOR,56,0,MOTOCICLETA,VIERNES,12,AVENIDA,RESIDENCIAL,TRAMO RECTO,NO HABILITADO,0,1
VILLA MARIA DEL TRIUNFO,CONDUCTOR,76,0,AUTOMÓVIL,SÁBADO,21,CARRETERA,RESIDENCIAL,TRAMO RECTO,NO CORRESPONDE,0,1
SUPE,CONDUCTOR,89,1,AUTOMÓVIL,MIÉRCOLES,5,AVENIDA,ESCOLAR,OTRO,NO CORRESPONDE,1,1
CAJATAMBO,PEATÓN,66,0,OTRO,LUNES,7,OTRO,ESCOLAR,INTERSECCIÓN,NO HABILITADO,0,1
LURIGANCHO,PEATÓN,2,0,CAMIONETA RURAL,SÁBADO,10,AVENIDA,ESCOLAR,INTERSECCIÓN,NO CORRESPONDE,1,1
SANTA CRUZ DE ANDAMARCA,PEATÓN,83,1,CAMIÓN,MIÉRCOLES,22,OTRO,RURAL,TRAMO RECTO,NO HABILITADO,0,1
CHICLA,CONDUCTOR,35,1,TRIMOTO PASAJERO,MIÉRCOLES,5,CARRETERA,RESIDENCIAL,TRAMO RECTO,HABILITADO,1,1
SANTA MARIA,NO CONDUCTOR,71,0,CAMIONETA RURAL,DOMINGO,22,OTRO,RURAL,INTERSECCIÓN,NO CORRESPONDE,0,0
SANTA ANITA,NO CONDUCTOR,89,0,OTRO,SÁBADO,6,CARRETERA,RESIDENCIAL,OTRO,HABILITADO,1,1
CAJATAMBO,PEATÓN,4,1,AUTOMÓVIL,MARTES,9,OTRO,COMERCIAL,INTERSECCIÓN,HABILITADO,0,1
SAN MARTIN DE PORRES,PEATÓN,28,0,MOTOCICLETA,VIERNES,11,OTRO,RURAL,TRAMO RECTO,NO HABILITADO,1,1
SAN VICENTE DE CAÑETE,CONDUCTOR,86,0,CAMIONETA RURAL,SÁBADO,14,AVENIDA,ESCOLAR,INTERSECCIÓN,HABILITADO,1,1
HUANCAPON,PEATÓN,34,0,CAMIÓN,SÁBADO,14,CARRETERA,RURAL,OTRO,NO HABILITADO,1,1
MALA,CONDUCTOR,95,0,CAMIONETA RURAL,MIÉRCOLES,13,CARRETERA,INDUSTRIAL,TRAMO RECTO,HABILITADO,0,0
SURQUILLO,CONDUCTOR,3,1,CAMIONETA RURAL,MARTES,16,OTRO,ESCOLAR,TRAMO RECTO,NO CORRESPONDE,1,0
SUPE,PEATÓN,43,0,CAMIONETA RURAL,LUNES,18,AVENIDA,COMERCIAL,OTRO,NO HABILITADO,1,1
ATE,NO CONDUCTOR,38,0,ÓMNIBUS,MIÉRCOLES,5,CARRETERA,ESCOLAR,INTERSECCIÓN,HABILITADO,0,0
NAVAN,CONDUCTOR,50,1,AUTOMÓVIL,VIERNES,9,AVENIDA,COMERCIAL,OTRO,HABILITADO,1,0
SAN MIGUEL,NO CONDUCTOR,88,0,MOTOCICLETA,SÁBADO,15,AVENIDA,ESCOLAR,INTERSECCIÓN,NO HABILITADO,0,1
HUACHO,PEATÓN,92,1,CAMIONETA RURAL,DOMINGO,10,CARRETERA,INDUSTRIAL,TRAMO RECTO,HABILITADO,0,1
PARAMONGA,NO CONDUCTOR,16,0,CAMIÓN,DOMINGO,15,AVENIDA,RESIDENCIAL,OTRO,HABILITADO,1,0
CHACLACAYO,CONDUCTOR,90,0,AUTOMÓVIL,VIERNES,12,CARRETERA,RURAL,TRAMO RECTO,NO HABILITADO,1,1
PUNTA NEGRA,NO CONDUCTOR,26,1,ÓMNIBUS,DOMINGO,5,AVENIDA,INDUSTRIAL,OTRO,NO CORRESPONDE,0,0
PARAMONGA,NO CONDUCTOR,1,0,CAMIÓN,MARTES,2,CARRETERA,INDUSTRIAL,INTERSECCIÓN,HABILITADO,1,0
SANTIAGO DE SURCO,CONDUCTOR,93,1,CAMIONETA RURAL,VIERNES,18,AVENIDA,COMERCIAL,OTRO,NO HABILITADO,1,0
PUNTA HERMOSA,PEATÓN,86,1,AUTOMÓVIL,VIERNES,23,AVENIDA,RURAL,TRAMO RECTO,NO CORRESPONDE,0,1
SAN MIGUEL,PEATÓN,0,0,MOTOCICLETA,JUEVES,13,OTRO,INDUSTRIAL,OTRO,NO CORRESPONDE,1,1
PATIVILCA,PEATÓN,13,0,MOTOCICLETA,VIERNES,10,AVENIDA,RURAL,INTERSECCIÓN,NO CORRESPONDE,0,1
BARRANCO,PEATÓN,1,1,AUTOMÓVIL,LUNES,1,CARRETERA,COMERCIAL,TRAMO RECTO,NO HABILITADO,0,1
MATUCANA,CONDUCTOR,28,1,AUTOMÓVIL,SÁBADO,19,AVENIDA,COMERCIAL,OTRO,NO CORRESPONDE,1,0
SAYAN,PEATÓN,38,1,CAMIÓN,MIÉRCOLES,8,OTRO,ESCOLAR,INTERSECCIÓN,NO CORRESPONDE,0,1
CARABAYLLO,CONDUCTOR,70,1,OTRO,LUNES,6,CARRETERA,RESIDENCIAL,TRAMO RECTO,NO HABILITADO,0,1
PARAMONGA,PEATÓN,52,1,AUTOMÓVIL,VIERNES,13,AVENIDA,RESIDENCIAL,INTERSECCIÓN,NO CORRESPONDE,0,1
CHICLA,PEATÓN,47,1,TRIMOTO PASAJERO,DOMINGO,2,OTRO,RURAL,OTRO,NO CORRESPONDE,0,1
CAJATAMBO,NO CONDUCTOR,24,1,CAMIÓN,JUEVES,14,OTRO,INDUSTRIAL,OTRO,NO HABILITADO,1,0
RICARDO PALMA,PEATÓN,52,0,OTRO,JUEVES,6,AVENIDA,RESIDENCIAL,OTRO,HABILITADO,1,1
MAGDALENA DEL MAR,NO CONDUCTOR,78,0,AUTOMÓVIL,VIERNES,14,OTRO,INDUSTRIAL,INTERSECCIÓN,HABILITADO,1,1
PATIVILCA,PEATÓN,16,1,OTRO,SÁBADO,10,CARRETERA,INDUSTRIAL,TRAMO RECTO,NO CORRESPONDE,1,1
AMBAR,PEATÓN,49,0,AUTOMÓVIL,JUEVES,6,CARRETERA,ESCOLAR,OTRO,NO CORRESPONDE,0,1
MALA,CONDUCTOR,24,0,CAMIÓN,VIERNES,11,CARRETERA,RESIDENCIAL,INTERSECCIÓN,HABILITADO,1,0
CHACLACAYO,NO CONDUCTOR,41,1,OTRO,MARTES,23,OTRO,INDUSTRIAL,OTRO,NO CORRESPONDE,1,0
HUACHO,NO CONDUCTOR,16,1,CAMIÓN,JUEVES,22,CARRETERA,COMERCIAL,INTERSECCIÓN,NO CORRESPONDE,0,0
MAGDALENA DEL MAR,NO CONDUCTOR,46,0,OTRO,MARTES,15,OTRO,RURAL,OTRO,NO HABILITADO,0,0
LIMA,CONDUCTOR,92,0,TRIMOTO PASAJERO,VIERNES,16,CARRETERA,RESIDENCIAL,TRAMO RECTO,NO CORRESPONDE,1,1
RIMAC,PEATÓN,9,0,ÓMNIBUS,DOMINGO,8,AVENIDA,RESIDENCIAL,INTERSECCIÓN,HABILITADO,0,1
CARABAYLLO,NO CONDUCTOR,22,0,OTRO,VIERNES,15,OTRO,RESIDENCIAL,TRAMO RECTO,NO CORRESPONDE,0,1
CHANCAY,PEATÓN,4,0,CAMIONETA RURAL,MIÉRCOLES,16,AVENIDA,ESCOLAR,TRAMO RECTO,NO CORRESPONDE,0,1
PACHACAMAC,CONDUCTOR,31,0,CAMIÓN,JUEVES,7,CARRETERA,COMERCIAL,INTERSECCIÓN,NO HABILITADO,1,0
HUAURA,NO CONDUCTOR,30,1,CAMIÓN,JUEVES,21,CARRETERA,ESCOLAR,TRAMO RECTO,NO HABILITADO,1,0
PACCHO,PEATÓN,7,0,CAMIONETA RURAL,LUNES,14,OTRO,ESCOLAR,OTRO,NO HABILITADO,1,1
EL AGUSTINO,PEATÓN,99,0,CAMIONETA RURAL,JUEVES,22,OTRO,RURAL,TRAMO RECTO,NO CORRESPONDE,1,1
SANTA ROSA,CONDUCTOR,26,1,CAMIÓN,DOMINGO,1,AVENIDA,ESCOLAR,TRAMO RECTO,NO HABILITADO,1,0
PUNTA HERMOSA,PEATÓN,30,0,OTRO,SÁBADO,16,OTRO,INDUSTRIAL,INTERSECCIÓN,HABILITADO,1,1
TANTA,NO CONDUCTOR,13,0,OTRO,LUNES,8,CARRETERA,RURAL,TRAMO RECTO,NO CORRESPONDE,1,0
LURIN,PEATÓN,65,1,CAMIONETA RURAL,LUNES,15,AVENIDA,INDUSTRIAL,INTERSECCIÓN,HABILITADO,1,1
LA MOLINA,NO CONDUCTOR,47,1,CAMIONETA RURAL,MARTES,6,CARRETERA,RURAL,INTERSECCIÓN,NO CORRESPONDE,1,0
SANTA ANITA,CONDUCTOR,41,0,CAMIÓN,LUNES,13,AVENIDA,COMERCIAL,INTERSECCIÓN,NO CORRESPONDE,1,0
SANTIAGO DE SURCO,PEATÓN,7,0,CAMIONETA RURAL,JUEVES,23,CARRETERA,RESIDENCIAL,INTERSECCIÓN,NO HABILITADO,1,1
SAN MIGUEL,CONDUCTOR,31,1,OTRO,JUEVES,9,OTRO,COMERCIAL,TRAMO RECTO,HABILITADO,0,0
SANTA ROSA,PEATÓN,86,1,CAMIÓN,MIÉRCOLES,5,AVENIDA,RESIDENCIAL,TRAMO RECTO,NO HABILITADO,1,1
LURIGANCHO,PEATÓN,60,1,CAMIÓN,SÁBADO,6,OTRO,RESIDENCIAL,OTRO,NO CORRESPONDE,0,1
NAVAN,NO CONDUCTOR,87,0,MOTOCICLETA,JUEVES,22,OTRO,RESIDENCIAL,TRAMO RECTO,NO CORRESPONDE,1,1
PUENTE PIEDRA,NO CONDUCTOR,14,0,MOTOCICLETA,SÁBADO,6,AVENIDA,INDUSTRIAL,OTRO,NO CORRESPONDE,0,1
SANTIAGO DE SURCO,NO CONDUCTOR,26,0,AUTOMÓVIL,JUEVES,17,CARRETERA,RURAL,TRAMO RECTO,NO CORRESPONDE,0,0
PARAMONGA,NO CONDUCTOR,89,0,ÓMNIBUS,SÁBADO,10,AVENIDA,ESCOLAR,OTRO,NO CORRESPONDE,0,0
AMBAR,PEATÓN,23,0,CAMIONETA RURAL,MARTES,9,OTRO,RURAL,OTRO,NO CORRESPONDE,0,1
OYON,NO CONDUCTOR,40,1,TRIMOTO PASAJERO,VIERNES,14,OTRO,RESIDENCIAL,INTERSECCIÓN,NO HABILITADO,1,0
CHILCA,CONDUCTOR,100,0,MOTOCICLETA,JUEVES,8,AVENIDA,RESIDENCIAL,OTRO,HABILITADO,0,1
MIRAFLORES,CONDUCTOR,39,0,AUTOMÓVIL,LUNES,4,CARRETERA,COMERCIAL,TRAMO RECTO,NO HABILITADO,1,0
SAN JUAN DE MIRAFLORES,PEATÓN,42,1,TRIMOTO PASAJERO,MIÉRCOLES,14,CARRETERA,COMERCIAL,INTERSECCIÓN,HABILITADO,0,1
MALA,CONDUCTOR,36,0,CAMIÓN,MIÉRCOLES,5,OTRO,RESIDENCIAL,OTRO,NO CORRESPONDE,1,0
PUCUSANA,PEATÓN,68,1,AUTOMÓVIL,MARTES,15,CARRETERA,RURAL,INTERSECCIÓN,HABILITADO,0,1
SAN ISIDRO,PEATÓN,60,1,CAMIÓN,JUEVES,20,CARRETERA,INDUSTRIAL,TRAMO RECTO,HABILITADO,0,1
HUALMAY,NO CONDUCTOR,1,1,CAMIÓN,MARTES,4,CARRETERA,ESCOLAR,TRAMO RECTO,NO HABILITADO,1,0
SANTIAGO DE SURCO,CONDUCTOR,13,0,AUTOMÓVIL,SÁBADO,12,OTRO,RESIDENCIAL,INTERSECCIÓN,NO HABILITADO,1,0
SANTA ROSA,NO CONDUCTOR,66,1,AUTOMÓVIL,MARTES,19,CARRETERA,INDUSTRIAL,TRAMO RECTO,NO HABILITADO,1,0
SUPE,CONDUCTOR,21,1,AUTOMÓVIL,DOMINGO,13,CARRETERA,COMERCIAL,INTERSECCIÓN,HABILITADO,1,0
PUEBLO LIBRE,CONDUCTOR,63,1,CAMIONETA RURAL,MARTES,2,AVENIDA,INDUSTRIAL,INTERSECCIÓN,NO CORRESPONDE,0,0
PUCUSANA,NO CONDUCTOR,11,0,MOTOCICLETA,JUEVES,1,AVENIDA,RURAL,TRAMO RECTO,NO HABILITADO,1,1
HUALMAY,CONDUCTOR,12,0,MOTOCICLETA,MARTES,18,OTRO,ESCOLAR,OTRO,NO CORRESPONDE,1,0
ANCON,NO CONDUCTOR,78,0,MOTOCICLETA,SÁBADO,3,OTRO,ESCOLAR,OTRO,NO HABILITADO,0,1
PUNTA HERMOSA,NO CONDUCTOR,73,1,ÓMNIBUS,SÁBADO,18,OTRO,RURAL,INTERSECCIÓN,NO HABILITADO,0,0
PUEBLO LIBRE,NO CONDUCTOR,9,0,AUTOMÓVIL,DOMINGO,3,AVENIDA,INDUSTRIAL,TRAMO RECTO,NO HABILITADO,0,0
LURIGANCHO,CONDUCTOR,53,1,CAMIONETA RURAL,MARTES,23,CARRETERA,RURAL,TRAMO RECTO,HABILITADO,1,0
VILLA EL SALVADOR,PEATÓN,33,0,OTRO,SÁBADO,9,OTRO,COMERCIAL,INTERSECCIÓN,HABILITADO,1,1
SAN LUIS,PEATÓN,78,1,TRIMOTO PASAJERO,VIERNES,23,AVENIDA,RESIDENCIAL,OTRO,NO HABILITADO,1,1
CHECRAS,NO CONDUCTOR,69,1,CAMIONETA RURAL,MIÉRCOLES,11,AVENIDA,RESIDENCIAL,TRAMO RECTO,NO CORRESPONDE,1,0
OYON,NO CONDUCTOR,37,1,OTRO,VIERNES,6,OTRO,RURAL,INTERSECCIÓN,NO CORRESPONDE,1,0
VEGUETA,PEATÓN,95,0,AUTOMÓVIL,DOMINGO,13,AVENIDA,RESIDENCIAL,OTRO,HABILITADO,1,1
BREÑA,CONDUCTOR,37,1,MOTOCICLETA,JUEVES,19,AVENIDA,INDUSTRIAL,OTRO,HABILITADO,1,1
PUNTA NEGRA,NO CONDUCTOR,74,1,TRIMOTO PASAJERO,LUNES,1,CARRETERA,ESCOLAR,TRAMO RECTO,NO CORRESPONDE,1,1
CHECRAS,NO CONDUCTOR,99,0,CAMIÓN,VIERNES,5,CARRETERA,COMERCIAL,OTRO,NO CORRESPONDE,0,1
BARRANCO,CONDUCTOR,39,1,CAMIÓN,JUEVES,17,OTRO,COMERCIAL,OTRO,NO HABILITADO,0,0
LA MOLINA,NO CONDUCTOR,3,0,AUTOMÓVIL,LUNES,5,CARRETERA,RURAL,TRAMO RECTO,NO HABILITADO,0,0
SUPE,NO CONDUCTOR,85,0,MOTOCICLETA,LUNES,6,OTRO,ESCOLAR,TRAMO RECTO,HABILITADO,0,1
LIMA,CONDUCTOR,1,0,AUTOMÓVIL,VIERNES,19,OTRO,RURAL,OTRO,NO CORRESPONDE,1,0
ATAVILLOS ALTO,NO CONDUCTOR,12,1,TRIMOTO PASAJERO,DOMINGO,20,OTRO,RURAL,INTERSECCIÓN,HABILITADO,0,0
PATIVILCA,NO CONDUCTOR,59,1,MOTOCICLETA,MIÉRCOLES,8,OTRO,COMERCIAL,OTRO,NO CORRESPONDE,1,1
OYON,CONDUCTOR,80,0,AUTOMÓVIL,DOMINGO,9,AVENIDA,RURAL,OTRO,NO CORRESPONDE,1,1
MIRAFLORES,CONDUCTOR,79,1,ÓMNIBUS,JUEVES,7,CARRETERA,RESIDENCIAL,OTRO,NO CORRESPONDE,1,0
CIENEGUILLA,CONDUCTOR,98,1,CAMIÓN,JUEVES,20,OTRO,RESIDENCIAL,INTERSECCIÓN,HABILITADO,0,0
PATIVILCA,NO CONDUCTOR,7,1,ÓMNIBUS,DOMINGO,22,CARRETERA,RURAL,INTERSECCIÓN,NO HABILITADO,1,0
SUPE,PEATÓN,92,0,AUTOMÓVIL,JUEVES,4,OTRO,RURAL,INTERSECCIÓN,NO CORRESPONDE,1,1
SAN VICENTE DE CAÑETE,NO CONDUCTOR,66,0,MOTOCICLETA,MARTES,12,OTRO,INDUSTRIAL,OTRO,NO CORRESPONDE,1,1
SANTA CRUZ DE ANDAMARCA,CONDUCTOR,48,1,ÓMNIBUS,MARTES,21,CARRETERA,ESCOLAR,OTRO,HABILITADO,1,0
LA MOLINA,CONDUCTOR,79,0,CAMIONETA RURAL,DOMINGO,16,OTRO,RESIDENCIAL,TRAMO RECTO,NO CORRESPONDE,0,0
SAN BARTOLO,CONDUCTOR,49,1,MOTOCICLETA,JUEVES,22,CARRETERA,COMERCIAL,TRAMO RECTO,NO HABILITADO,0,1
SURQUILLO,NO CONDUCTOR,72,1,TRIMOTO PASAJERO,MIÉRCOLES,17,CARRETERA,RESIDENCIAL,OTRO,NO HABILITADO,1,1
OYON,PEATÓN,29,0,CAMIÓN,DOMINGO,16,OTRO,INDUSTRIAL,OTRO,NO HABILITADO,0,1
CHECRAS,CONDUCTOR,10,0,CAMIÓN,JUEVES,11,OTRO,ESCOLAR,OTRO,NO HABILITADO,0,0
VILLA EL SALVADOR,NO CONDUCTOR,56,0,OTRO,LUNES,17,CARRETERA,INDUSTRIAL,TRAMO RECTO,HABILITADO,1,0
SANTA ROSA,NO CONDUCTOR,18,1,OTRO,JUEVES,23,OTRO,RESIDENCIAL,TRAMO RECTO,NO HABILITADO,0,1
SAN JUAN DE MIRAFLORES,NO CONDUCTOR,91,0,ÓMNIBUS,MARTES,23,OTRO,ESCOLAR,OTRO,HABILITADO,0,0
CHACLACAYO,PEATÓN,62,1,CAMIONETA RURAL,VIERNES,11,AVENIDA,RESIDENCIAL,OTRO,NO CORRESPONDE,0,1
SAN ISIDRO,PEATÓN,94,1,TRIMOTO PASAJERO,LUNES,6,CARRETERA,INDUSTRIAL,TRAMO RECTO,HABILITADO,1,1
SANTA ANITA,NO CONDUCTOR,43,0,TRIMOTO PASAJERO,VIERNES,9,OTRO,RESIDENCIAL,OTRO,HABILITADO,1,0
LINCE,NO CONDUCTOR,58,1,MOTOCICLETA,SÁBADO,2,CARRETERA,RESIDENCIAL,OTRO,HABILITADO,0,1
ATAVILLOS ALTO,PEATÓN,77,0,CAMIONETA RURAL,MARTES,6,OTRO,RURAL,INTERSECCIÓN,HABILITADO,1,1
SAN BORJA,NO CONDUCTOR,31,0,ÓMNIBUS,VIERNES,22,OTRO,INDUSTRIAL,INTERSECCIÓN,NO CORRESPONDE,1,0
PACHANGARA,PEATÓN,88,1,TRIMOTO PASAJERO,MIÉRCOLES,11,AVENIDA,RESIDENCIAL,OTRO,HABILITADO,1,1
MIRAFLORES,CONDUCTOR,20,1,ÓMNIBUS,JUEVES,2,AVENIDA,RURAL,OTRO,NO HABILITADO,0,0
PUENTE PIEDRA,CONDUCTOR,78,0,OTRO,SÁBADO,18,OTRO,ESCOLAR,TRAMO RECTO,HABILITADO,1,0
PACHANGARA,CONDUCTOR,13,0,CAMIONETA RURAL,LUNES,10,OTRO,RESIDENCIAL,OTRO,HABILITADO,1,0
LIMA,CONDUCTOR,17,1,MOTOCICLETA,VIERNES,23,AVENIDA,RESIDENCIAL,INTERSECCIÓN,NO HABILITADO,1,1
SAN JUAN DE MIRAFLORES,CONDUCTOR,16,1,CAMIONETA RURAL,MIÉRCOLES,17,CARRETERA,RURAL,INTERSECCIÓN,HABILITADO,1,0
LURIGANCHO,NO CONDUCTOR,49,1,ÓMNIBUS,SÁBADO,21,CARRETERA,ESCOLAR,OTRO,HABILITADO,0,0
SAN BORJA,PEATÓN,93,1,OTRO,LUNES,6,CARRETERA,ESCOLAR,OTRO,NO HABILITADO,0,1
VEGUETA,CONDUCTOR,89,0,CAMIÓN,LUNES,6,AVENIDA,RURAL,INTERSECCIÓN,NO HABILITADO,1,1
LINCE,NO CONDUCTOR,78,0,ÓMNIBUS,DOMINGO,8,AVENIDA,RESIDENCIAL,OTRO,HABILITADO,1,1
HUANCAPON,PEATÓN,30,0,MOTOCICLETA,DOMINGO,12,AVENIDA,RURAL,INTERSECCIÓN,HABILITADO,0,1
CHACLACAYO,NO CONDUCTOR,51,1,AUTOMÓVIL,MARTES,14,CARRETERA,ESCOLAR,TRAMO RECTO,NO CORRESPONDE,0,0
MALA,PEATÓN,90,0,CAMIÓN,MARTES,21,AVENIDA,COMERCIAL,INTERSECCIÓN,NO CORRESPONDE,1,1
LOS OLIVOS,NO CONDUCTOR,57,1,CAMIÓN,SÁBADO,6,OTRO,RURAL,TRAMO RECTO,HABILITADO,0,0
SANTA ROSA,PEATÓN,75,0,CAMIONETA RURAL,DOMINGO,8,AVENIDA,INDUSTRIAL,INTERSECCIÓN,NO HABILITADO,1,1
CHANCAY,NO CONDUCTOR,52,1,CAMIÓN,LUNES,17,AVENIDA,RURAL,INTERSECCIÓN,NO CORRESPONDE,0,0
MAGDALENA DEL MAR,PEATÓN,25,1,CAMIÓN,VIERNES,12,OTRO,RURAL,OTRO,NO CORRESPONDE,1,1
SANTA MARIA,CONDUCTOR,4,1,AUTOMÓVIL,VIERNES,12,CARRETERA,RESIDENCIAL,OTRO,HABILITADO,1,0
COMAS,NO CONDUCTOR,7,1,AUTOMÓVIL,DOMINGO,12,OTRO,INDUSTRIAL,TRAMO RECTO,NO CORRESPONDE,1,0
PACHACAMAC,NO CONDUCTOR,60,1,OTRO,JUEVES,8,AVENIDA,COMERCIAL,TRAMO RECTO,NO CORRESPONDE,0,1
SURQUILLO,CONDUCTOR,38,1,AUTOMÓVIL,DOMINGO,9,OTRO,RESIDENCIAL,OTRO,HABILITADO,0,0
AMBAR,NO CONDUCTOR,5,0,AUTOMÓVIL,VIERNES,10,AVENIDA,RESIDENCIAL,INTERSECCIÓN,HABILITADO,0,0
MANAS,PEATÓN,68,1,ÓMNIBUS,VIERNES,5,AVENIDA,ESCOLAR,INTERSECCIÓN,NO HABILITADO,1,1
ANCON,NO CONDUCTOR,71,0,CAMIONETA RURAL,MIÉRCOLES,7,AVENIDA,ESCOLAR,OTRO,NO CORRESPONDE,0,0
BARRANCA,CONDUCTOR,87,1,AUTOMÓVIL,DOMINGO,12,OTRO,ESCOLAR,INTERSECCIÓN,NO CORRESPONDE,1,1
TANTA,PEATÓN,7,1,CAMIÓN,SÁBADO,18,CARRETERA,RESIDENCIAL,OTRO,NO HABILITADO,0,1
SAN MATEO,CONDUCTOR,89,1,AUTOMÓVIL,JUEVES,4,OTRO,INDUSTRIAL,TRAMO RECTO,HABILITADO,0,0
MAGDALENA DEL MAR,PEATÓN,94,0,CAMIÓN,MARTES,10,OTRO,COMERCIAL,OTRO,HABILITADO,1,1
MALA,PEATÓN,80,0,CAMIONETA RURAL,DOMINGO,21,AVENIDA,ESCOLAR,TRAMO RECTO,NO CORRESPONDE,1,1
CHORRILLOS,NO CONDUCTOR,22,1,ÓMNIBUS,SÁBADO,19,CARRETERA,COMERCIAL,TRAMO RECTO,NO HABILITADO,1,0
RICARDO PALMA,NO CONDUCTOR,49,0,CAMIÓN,MIÉRCOLES,9,AVENIDA,INDUSTRIAL,INTERSECCIÓN,NO CORRESPONDE,1,0
SAN JUAN DE MIRAFLORES,NO CONDUCTOR,43,0,CAMIÓN,MIÉRCOLES,4,OTRO,RURAL,OTRO,HABILITADO,1,0
SAN ANTONIO,PEATÓN,42,1,MOTOCICLETA,MIÉRCOLES,18,AVENIDA,INDUSTRIAL,TRAMO RECTO,NO HABILITADO,0,1
NAVAN,PEATÓN,92,0,CAMIONETA RURAL,DOMINGO,14,OTRO,INDUSTRIAL,TRAMO RECTO,NO CORRESPONDE,0,1
MATUCANA,NO CONDUCTOR,69,1,OTRO,SÁBADO,17,OTRO,RESIDENCIAL,TRAMO RECTO,NO CORRESPONDE,1,0
PACHANGARA,NO CONDUCTOR,72,1,CAMIONETA RURAL,JUEVES,14,CARRETERA,RURAL,TRAMO RECTO,HABILITADO,0,0
SAN JUAN DE MIRAFLORES,NO CONDUCTOR,66,0,AUTOMÓVIL,MARTES,11,CARRETERA,RURAL,INTERSECCIÓN,NO HABILITADO,0,0
CHANCAY,PEATÓN,86,1,AUTOMÓVIL,SÁBADO,9,AVENIDA,RURAL,INTERSECCIÓN,NO HABILITADO,0,1
SAN JUAN DE MIRAFLORES,PEATÓN,4,1,TRIMOTO PASAJERO,SÁBADO,3,OTRO,INDUSTRIAL,TRAMO RECTO,HABILITADO,0,1
PACHANGARA,CONDUCTOR,99,0,ÓMNIBUS,SÁBADO,7,OTRO,ESCOLAR,OTRO,NO HABILITADO,0,0
HUANCAPON,PEATÓN,90,1,CAMIONETA RURAL,MARTES,23,CARRETERA,INDUSTRIAL,TRAMO RECTO,HABILITADO,1,1
MATUCANA,CONDUCTOR,25,1,AUTOMÓVIL,LUNES,19,CARRETERA,INDUSTRIAL,INTERSECCIÓN,NO HABILITADO,1,0
CHACLACAYO,PEATÓN,92,1,TRIMOTO PASAJERO,MARTES,8,AVENIDA,INDUSTRIAL,OTRO,NO CORRESPONDE,0,1
SAN MIGUEL DE ACOS,NO CONDUCTOR,38,1,ÓMNIBUS,VIERNES,6,AVENIDA,INDUSTRIAL,TRAMO RECTO,HABILITADO,0,1
PUEBLO LIBRE,PEATÓN,2,1,CAMIÓN,MARTES,1,OTRO,COMERCIAL,INTERSECCIÓN,NO HABILITADO,0,1
SANTA ROSA,CONDUCTOR,86,1,AUTOMÓVIL,JUEVES,11,OTRO,COMERCIAL,OTRO,NO CORRESPONDE,0,0
LIMA,CONDUCTOR,88,0,OTRO,SÁBADO,22,OTRO,COMERCIAL,OTRO,NO CORRESPONDE,0,1
ATE,PEATÓN,38,0,CAMIONETA RURAL,JUEVES,9,OTRO,COMERCIAL,TRAMO RECTO,NO HABILITADO,0,1
CHACLACAYO,CONDUCTOR,0,1,CAMIÓN,SÁBADO,5,AVENIDA,RESIDENCIAL,TRAMO RECTO,NO HABILITADO,1,0
SAN MIGUEL DE ACOS,CONDUCTOR,30,1,OTRO,SÁBADO,19,CARRETERA,RURAL,OTRO,HABILITADO,1,0
VILLA MARIA DEL TRIUNFO,CONDUCTOR,67,1,AUTOMÓVIL,VIERNES,9,CARRETERA,COMERCIAL,TRAMO RECTO,NO CORRESPONDE,0,0
PATIVILCA,NO CONDUCTOR,22,1,AUTOMÓVIL,MARTES,4,AVENIDA,ESCOLAR,OTRO,NO CORRESPONDE,0,0
VILLA MARIA DEL TRIUNFO,CONDUCTOR,50,1,ÓMNIBUS,LUNES,16,OTRO,RESIDENCIAL,OTRO,NO CORRESPONDE,1,0
MANAS,PEATÓN,29,1,OTRO,MIÉRCOLES,1,CARRETERA,RURAL,INTERSECCIÓN,NO HABILITADO,0,1
SANTA MARIA,CONDUCTOR,67,0,CAMIONETA RURAL,JUEVES,10,OTRO,RURAL,OTRO,HABILITADO,0,0
VILLA EL SALVADOR,PEATÓN,12,0,OTRO,MIÉRCOLES,1,OTRO,INDUSTRIAL,INTERSECCIÓN,HABILITADO,1,1
SANTA CRUZ DE ANDAMARCA,PEATÓN,67,1,TRIMOTO PASAJERO,VIERNES,14,CARRETERA,COMERCIAL,OTRO,HABILITADO,0,1
SANTA ROSA,CONDUCTOR,85,0,AUTOMÓVIL,DOMINGO,19,CARRETERA,RESIDENCIAL,OTRO,HABILITADO,1,0
LIMA,NO CONDUCTOR,49,1,OTRO,SÁBADO,4,AVENIDA,RURAL,OTRO,HABILITADO,0,1
CIENEGUILLA,PEATÓN,70,1,AUTOMÓVIL,SÁBADO,11,OTRO,RURAL,INTERSECCIÓN,HABILITADO,1,0
LA MOLINA,NO CONDUCTOR,62,1,CAMIONETA RURAL,DOMINGO,22,CARRETERA,ESCOLAR,INTERSECCIÓN,NO HABILITADO,1,0
TANTA,CONDUCTOR,39,1,AUTOMÓVIL,LUNES,7,OTRO,RESIDENCIAL,TRAMO RECTO,NO CORRESPONDE,0,0
BARRANCA,NO CONDUCTOR,66,1,OTRO,DOMINGO,15,AVENIDA,INDUSTRIAL,OTRO,NO CORRESPONDE,1,0
SAN ANTONIO,CONDUCTOR,46,0,CAMIONETA RURAL,SÁBADO,4,OTRO,RESIDENCIAL,OTRO,NO CORRESPONDE,0,0
CAJATAMBO,CONDUCTOR,91,1,ÓMNIBUS,MIÉRCOLES,7,OTRO,ESCOLAR,OTRO,HABILITADO,0,0
ATE,NO CONDUCTOR,28,0,TRIMOTO PASAJERO,LUNES,12,AVENIDA,ESCOLAR,OTRO,HABILITADO,1,0
SAN JUAN DE MIRAFLORES,NO CONDUCTOR,46,0,OTRO,VIERNES,11,CARRETERA,RURAL,INTERSECCIÓN,HABILITADO,0,0
SAYAN,NO CONDUCTOR,44,0,OTRO,DOMINGO,20,CARRETERA,RESIDENCIAL,INTERSECCIÓN,NO HABILITADO,0,0
SAN JUAN DE LURIGANCHO,CONDUCTOR,60,0,AUTOMÓVIL,DOMINGO,9,CARRETERA,COMERCIAL,TRAMO RECTO,NO HABILITADO,1,0
MAGDALENA DEL MAR,NO CONDUCTOR,70,1,OTRO,SÁBADO,23,AVENIDA,ESCOLAR,OTRO,NO HABILITADO,1,1
INDEPENDENCIA,PEATÓN,10,1,MOTOCICLETA,MARTES,13,CARRETERA,INDUSTRIAL,TRAMO RECTO,NO CORRESPONDE,0,1
NAVAN,PEATÓN,31,1,CAMIÓN,LUNES,17,CARRETERA,RESIDENCIAL,TRAMO RECTO,NO HABILITADO,1,1
ANCON,PEATÓN,88,1,AUTOMÓVIL,MARTES,18,CARRETERA,RURAL,OTRO,NO HABILITADO,0,1
SAN JUAN DE LURIGANCHO,NO CONDUCTOR,52,1,CAMIONETA RURAL,VIERNES,13,CARRETERA,ESCOLAR,INTERSECCIÓN,NO CORRESPONDE,1,0
AUCALLAMA,NO CONDUCTOR,0,0,CAMIÓN,MARTES,3,OTRO,ESCOLAR,INTERSECCIÓN,NO CORRESPONDE,1,0
INDEPENDENCIA,CONDUCTOR,73,0,CAMIONETA RURAL,JUEVES,14,AVENIDA,INDUSTRIAL,INTERSECCIÓN,NO HABILITADO,1,0
SAN MATEO,PEATÓN,76,0,MOTOCICLETA,VIERNES,23,CARRETERA,RESIDENCIAL,INTERSECCIÓN,NO CORRESPONDE,0,1
SAN BARTOLO,NO CONDUCTOR,12,1,CAMIONETA RURAL,JUEVES,3,CARRETERA,RURAL,INTERSECCIÓN,HABILITADO,1,0
ANCON,NO CONDUCTOR,76,1,CAMIÓN,MARTES,6,CARRETERA,RESIDENCIAL,INTERSECCIÓN,HABILITADO,0,0
SAN MARTIN DE PORRES,CONDUCTOR,33,1,CAMIÓN,JUEVES,2,AVENIDA,RURAL,INTERSECCIÓN,NO CORRESPONDE,1,0
PACHANGARA,CONDUCTOR,96,1,CAMIÓN,LUNES,23,OTRO,RESIDENCIAL,INTERSECCIÓN,NO CORRESPONDE,1,0
AUCALLAMA,CONDUCTOR,82,1,MOTOCICLETA,VIERNES,6,CARRETERA,RURAL,OTRO,NO CORRESPONDE,1,1
HUARAL,NO CONDUCTOR,90,1,CAMIONETA RURAL,MIÉRCOLES,4,AVENIDA,RESIDENCIAL,INTERSECCIÓN,HABILITADO,1,0
BREÑA,NO CONDUCTOR,14,0,AUTOMÓVIL,MIÉRCOLES,23,OTRO,INDUSTRIAL,INTERSECCIÓN,NO HABILITADO,1,0
SANTIAGO DE SURCO,CONDUCTOR,92,1,TRIMOTO PASAJERO,SÁBADO,13,AVENIDA,RESIDENCIAL,INTERSECCIÓN,NO HABILITADO,1,1
MALA,NO CONDUCTOR,33,0,AUTOMÓVIL,MIÉRCOLES,12,OTRO,INDUSTRIAL,TRAMO RECTO,NO HABILITADO,0,0
RIMAC,NO CONDUCTOR,4,0,CAMIONETA RURAL,LUNES,21,OTRO,RESIDENCIAL,OTRO,NO HABILITADO,0,0
SAN MATEO,CONDUCTOR,20,0,MOTOCICLETA,SÁBADO,3,CARRETERA,ESCOLAR,OTRO,NO CORRESPONDE,1,1
PACHACAMAC,CONDUCTOR,55,0,ÓMNIBUS,SÁBADO,23,AVENIDA,RESIDENCIAL,OTRO,NO CORRESPONDE,0,0
LURIGANCHO,NO CONDUCTOR,71,0,CAMIONETA RURAL,MIÉRCOLES,13,CARRETERA,ESCOLAR,OTRO,NO HABILITADO,0,0
SAN ANTONIO,CONDUCTOR,26,1,CAMIÓN,LUNES,16,CARRETERA,RESIDENCIAL,OTRO,NO CORRESPONDE,0,0
MANAS,CONDUCTOR,46,0,AUTOMÓVIL,VIERNES,20,OTRO,INDUSTRIAL,TRAMO RECTO,HABILITADO,1,0
INDEPENDENCIA,NO CONDUCTOR,34,0,AUTOMÓVIL,LUNES,5,AVENIDA,ESCOLAR,INTERSECCIÓN,NO CORRESPONDE,1,0
SAN MARTIN DE PORRES,NO CONDUCTOR,44,0,OTRO,SÁBADO,8,CARRETERA,INDUSTRIAL,INTERSECCIÓN,NO CORRESPONDE,0,0
MALA,CONDUCTOR,38,0,CAMIÓN,DOMINGO,7,CARRETERA,RESIDENCIAL,TRAMO RECTO,NO HABILITADO,0,1
HUACHO,NO CONDUCTOR,56,1,CAMIÓN,LUNES,6,AVENIDA,RESIDENCIAL,TRAMO RECTO,NO HABILITADO,0,0
ATAVILLOS ALTO,CONDUCTOR,38,1,MOTOCICLETA,MARTES,8,CARRETERA,RURAL,TRAMO RECTO,NO HABILITADO,1,1
ATE,NO CONDUCTOR,23,1,AUTOMÓVIL,SÁBADO,19,OTRO,RESIDENCIAL,INTERSECCIÓN,NO HABILITADO,1,0
BARRANCA,PEATÓN,14,1,CAMIÓN,LUNES,9,AVENIDA,INDUSTRIAL,INTERSECCIÓN,NO HABILITADO,1,0
MANAS,NO CONDUCTOR,56,1,AUTOMÓVIL,JUEVES,12,CARRETERA,INDUSTRIAL,TRAMO RECTO,NO CORRESPONDE,1,0
CIENEGUILLA,PEATÓN,86,0,MOTOCICLETA,MIÉRCOLES,13,AVENIDA,RURAL,OTRO,NO CORRESPONDE,1,1
PACHACAMAC,CONDUCTOR,41,0,OTRO,MIÉRCOLES,3,OTRO,ESCOLAR,INTERSECCIÓN,NO HABILITADO,1,0
PUCUSANA,PEATÓN,29,1,OTRO,MARTES,18,OTRO,RURAL,TRAMO RECTO,HABILITADO,0,1
MALA,NO CONDUCTOR,12,0,AUTOMÓVIL,MIÉRCOLES,12,AVENIDA,ESCOLAR,INTERSECCIÓN,NO CORRESPONDE,0,1
SAN MIGUEL DE ACOS,NO CONDUCTOR,24,1,OTRO,DOMINGO,23,CARRETERA,RURAL,TRAMO RECTO,HABILITADO,1,0
JESUS MARIA,CONDUCTOR,58,0,TRIMOTO PASAJERO,LUNES,18,CARRETERA,RESIDENCIAL,TRAMO RECTO,HABILITADO,1,1
TANTA,PEATÓN,2,0,CAMIÓN,DOMINGO,5,AVENIDA,INDUSTRIAL,INTERSECCIÓN,HABILITADO,1,1
CHECRAS,NO CONDUCTOR,68,0,CAMIONETA RURAL,MARTES,17,CARRETERA,RESIDENCIAL,OTRO,HABILITADO,0,0
SANTIAGO DE SURCO,CONDUCTOR,25,0,CAMIÓN,DOMINGO,20,AVENIDA,COMERCIAL,TRAMO RECTO,NO HABILITADO,1,0
SURQUILLO,CONDUCTOR,100,1,AUTOMÓVIL,MARTES,20,AVENIDA,RESIDENCIAL,OTRO,NO HABILITADO,0,1
PUNTA NEGRA,NO CONDUCTOR,90,1,CAMIONETA RURAL,MARTES,10,OTRO,COMERCIAL,INTERSECCIÓN,HABILITADO,1,1
PACHANGARA,NO CONDUCTOR,42,0,TRIMOTO PASAJERO,MARTES,20,CARRETERA,RURAL,OTRO,NO HABILITADO,0,0
SAN JUAN DE MIRAFLORES,CONDUCTOR,49,0,TRIMOTO PASAJERO,MIÉRCOLES,23,CARRETERA,COMERCIAL,INTERSECCIÓN,HABILITADO,1,1
AMBAR,NO CONDUCTOR,4,1,MOTOCICLETA,VIERNES,18,AVENIDA,ESCOLAR,TRAMO RECTO,HABILITADO,1,1
NAVAN,CONDUCTOR,67,1,TRIMOTO PASAJERO,DOMINGO,10,OTRO,RESIDENCIAL,OTRO,NO CORRESPONDE,0,1
PUENTE PIEDRA,CONDUCTOR,42,1,AUTOMÓVIL,MARTES,6,OTRO,RURAL,TRAMO RECTO,NO CORRESPONDE,1,0
LURIN,PEATÓN,50,0,AUTOMÓVIL,MARTES,10,CARRETERA,COMERCIAL,INTERSECCIÓN,NO HABILITADO,0,1
RIMAC,NO CONDUCTOR,41,1,CAMIÓN,LUNES,9,OTRO,ESCOLAR,TRAMO RECTO,NO HABILITADO,1,0
JESUS MARIA,CONDUCTOR,96,1,ÓMNIBUS,MIÉRCOLES,4,OTRO,RURAL,INTERSECCIÓN,HABILITADO,1,0
HUARAL,NO CONDUCTOR,15,1,TRIMOTO PASAJERO,MIÉRCOLES,22,AVENIDA,ESCOLAR,INTERSECCIÓN,HABILITADO,1,0
LOS OLIVOS,PEATÓN,34,1,MOTOCICLETA,MIÉRCOLES,23,AVENIDA,INDUSTRIAL,INTERSECCIÓN,NO HABILITADO,1,1
PACCHO,NO CONDUCTOR,7,1,ÓMNIBUS,MIÉRCOLES,10,OTRO,ESCOLAR,INTERSECCIÓN,NO CORRESPONDE,0,0
CHACLACAYO,NO CONDUCTOR,9,1,CAMIONETA RURAL,MARTES,12,AVENIDA,COMERCIAL,OTRO,HABILITADO,1,0
PACCHO,CONDUCTOR,80,0,CAMIONETA RURAL,MARTES,19,OTRO,RESIDENCIAL,OTRO,HABILITADO,1,1
CHECRAS,PEATÓN,3,1,ÓMNIBUS,MARTES,8,OTRO,COMERCIAL,OTRO,NO HABILITADO,0,1
HUANCAPON,PEATÓN,55,0,OTRO,MARTES,3,OTRO,COMERCIAL,INTERSECCIÓN,HABILITADO,1,1
LURIN,CONDUCTOR,50,1,CAMIÓN,SÁBADO,16,AVENIDA,RURAL,TRAMO RECTO,NO HABILITADO,0,0
SANTA ROSA,NO CONDUCTOR,20,0,TRIMOTO PASAJERO,LUNES,22,CARRETERA,RESIDENCIAL,INTERSECCIÓN,NO CORRESPONDE,1,0
AMBAR,CONDUCTOR,95,0,OTRO,DOMINGO,4,CARRETERA,COMERCIAL,OTRO,NO CORRESPONDE,1,1
COMAS,NO CONDUCTOR,3,0,AUTOMÓVIL,VIERNES,15,OTRO,RURAL,INTERSECCIÓN,NO HABILITADO,0,1
OYON,NO CONDUCTOR,38,1,TRIMOTO PASAJERO,MIÉRCOLES,8,AVENIDA,COMERCIAL,INTERSECCIÓN,NO HABILITADO,1,0
SAYAN,NO CONDUCTOR,72,0,TRIMOTO PASAJERO,MARTES,12,OTRO,RESIDENCIAL,OTRO,HABILITADO,0,1
SAN MIGUEL,NO CONDUCTOR,14,0,CAMIÓN,DOMINGO,7,OTRO,INDUSTRIAL,OTRO,HABILITADO,0,0
NAVAN,NO CONDUCTOR,69,1,CAMIÓN,LUNES,21,OTRO,COMERCIAL,TRAMO RECTO,HABILITADO,0,0
BARRANCA,NO CONDUCTOR,22,1,OTRO,MARTES,11,CARRETERA,RURAL,TRAMO RECTO,NO CORRESPONDE,0,0
VEGUETA,PEATÓN,78,0,CAMIÓN,JUEVES,10,AVENIDA,COMERCIAL,TRAMO RECTO,HABILITADO,0,1
OYON,NO CONDUCTOR,47,0,ÓMNIBUS,JUEVES,7,CARRETERA,RESIDENCIAL,INTERSECCIÓN,HABILITADO,0,0
MAGDALENA DEL MAR,NO CONDUCTOR,94,1,TRIMOTO PASAJERO,LUNES,13,OTRO,RESIDENCIAL,INTERSECCIÓN,HABILITADO,0,1
CHICLA,CONDUCTOR,10,0,ÓMNIBUS,SÁBADO,20,OTRO,ESCOLAR,TRAMO RECTO,HABILITADO,0,0
BARRANCA,PEATÓN,47,0,ÓMNIBUS,MARTES,14,OTRO,INDUSTRIAL,INTERSECCIÓN,NO HABILITADO,1,1
SAN JUAN DE MIRAFLORES,NO CONDUCTOR,61,1,MOTOCICLETA,SÁBADO,17,AVENIDA,ESCOLAR,OTRO,NO CORRESPONDE,0,1
PACCHO,PEATÓN,44,1,OTRO,VIERNES,11,CARRETERA,ESCOLAR,TRAMO RECTO,NO HABILITADO,0,1
SAN BARTOLO,PEATÓN,38,1,OTRO,JUEVES,20,CARRETERA,RESIDENCIAL,TRAMO RECTO,NO HABILITADO,1,1
CHORRILLOS,CONDUCTOR,53,1,AUTOMÓVIL,MIÉRCOLES,10,CARRETERA,INDUSTRIAL,INTERSECCIÓN,HABILITADO,1,0
SAN MATEO,PEATÓN,89,0,ÓMNIBUS,MARTES,9,CARRETERA,COMERCIAL,INTERSECCIÓN,NO HABILITADO,1,1
SUPE PUERTO,NO CONDUCTOR,38,0,CAMIÓN,MARTES,11,CARRETERA,COMERCIAL,TRAMO RECTO,NO CORRESPONDE,1,0
PUCUSANA,NO CONDUCTOR,37,0,AUTOMÓVIL,DOMINGO,5,OTRO,RURAL,INTERSECCIÓN,HABILITADO,0,0
VEGUETA,NO CONDUCTOR,74,0,OTRO,SÁBADO,19,CARRETERA,RURAL,INTERSECCIÓN,NO HABILITADO,1,0
LURIN,PEATÓN,65,0,AUTOMÓVIL,MARTES,19,AVENIDA,INDUSTRIAL,INTERSECCIÓN,NO HABILITADO,0,1
PUNTA HERMOSA,PEATÓN,68,1,ÓMNIBUS,VIERNES,17,AVENIDA,RESIDENCIAL,TRAMO RECTO,NO HABILITADO,1,1
LURIN,PEATÓN,32,1,MOTOCICLETA,MIÉRCOLES,10,CARRETERA,RESIDENCIAL,TRAMO RECTO,HABILITADO,0,1
SANTA CRUZ DE ANDAMARCA,NO CONDUCTOR,60,1,CAMIÓN,MARTES,1,AVENIDA,COMERCIAL,OTRO,HABILITADO,1,1
SANTA CRUZ DE ANDAMARCA,NO CONDUCTOR,91,1,CAMIÓN,MARTES,16,OTRO,ESCOLAR,TRAMO RECTO,NO HABILITADO,0,0
ATE,NO CONDUCTOR,92,1,CAMIÓN,LUNES,17,CARRETERA,RESIDENCIAL,INTERSECCIÓN,NO HABILITADO,1,0
CAJATAMBO,PEATÓN,62,0,OTRO,MIÉRCOLES,4,OTRO,RESIDENCIAL,OTRO,NO CORRESPONDE,1,1
CHORRILLOS,CONDUCTOR,64,1,MOTOCICLETA,MIÉRCOLES,7,AVENIDA,RESIDENCIAL,TRAMO RECTO,HABILITADO,0,1
PACHANGARA,NO CONDUCTOR,30,0,TRIMOTO PASAJERO,DOMINGO,17,CARRETERA,COMERCIAL,INTERSECCIÓN,NO HABILITADO,1,0
CHICLA,PEATÓN,63,1,AUTOMÓVIL,MARTES,22,CARRETERA,ESCOLAR,TRAMO RECTO,HABILITADO,0,1
JESUS MARIA,CONDUCTOR,9,0,MOTOCICLETA,SÁBADO,13,OTRO,INDUSTRIAL,TRAMO RECTO,NO CORRESPONDE,0,1
SAYAN,CONDUCTOR,27,0,CAMIONETA RURAL,JUEVES,18,CARRETERA,RESIDENCIAL,OTRO,NO CORRESPONDE,1,0
ANCON,PEATÓN,98,1,ÓMNIBUS,DOMINGO,1,AVENIDA,COMERCIAL,INTERSECCIÓN,NO HABILITADO,0,1
CHACLACAYO,PEATÓN,77,1,CAMIÓN,MIÉRCOLES,14,AVENIDA,INDUSTRIAL,TRAMO RECTO,HABILITADO,1,1
LURIN,PEATÓN,89,1,MOTOCICLETA,MARTES,3,CARRETERA,RURAL,TRAMO RECTO,NO CORRESPONDE,0,1
BARRANCO,CONDUCTOR,61,1,CAMIÓN,VIERNES,20,AVENIDA,INDUSTRIAL,OTRO,NO HABILITADO,1,0
BARRANCA,NO CONDUCTOR,19,0,ÓMNIBUS,DOMINGO,14,CARRETERA,INDUSTRIAL,TRAMO RECTO,NO CORRESPONDE,0,0
VEGUETA,PEATÓN,37,1,MOTOCICLETA,MIÉRCOLES,18,CARRETERA,INDUSTRIAL,INTERSECCIÓN,HABILITADO,0,1
PACHACAMAC,NO CONDUCTOR,57,1,OTRO,DOMINGO,11,AVENIDA,ESCOLAR,OTRO,HABILITADO,0,1
SUPE PUERTO,NO CONDUCTOR,93,0,CAMIONETA RURAL,MIÉRCOLES,20,CARRETERA,ESCOLAR,INTERSECCIÓN,HABILITADO,1,0
CHICLA,PEATÓN,53,0,CAMIONETA RURAL,DOMINGO,16,CARRETERA,INDUSTRIAL,OTRO,HABILITADO,0,1
MATUCANA,PEATÓN,19,1,MOTOCICLETA,MARTES,14,AVENIDA,COMERCIAL,OTRO,NO CORRESPONDE,0,1
JESUS MARIA,PEATÓN,93,0,OTRO,SÁBADO,20,OTRO,INDUSTRIAL,OTRO,NO HABILITADO,0,1
MAGDALENA DEL MAR,PEATÓN,37,1,AUTOMÓVIL,JUEVES,3,CARRETERA,COMERCIAL,INTERSECCIÓN,HABILITADO,1,1
CIENEGUILLA,PEATÓN,74,0,CAMIÓN,VIERNES,23,AVENIDA,RESIDENCIAL,INTERSECCIÓN,NO CORRESPONDE,0,1
LA VICTORIA,NO CONDUCTOR,29,1,MOTOCICLETA,MARTES,20,AVENIDA,RURAL,INTERSECCIÓN,HABILITADO,0,1
BARRANCO,NO CONDUCTOR,8,1,CAMIONETA RURAL,VIERNES,20,CARRETERA,RESIDENCIAL,INTERSECCIÓN,NO CORRESPONDE,1,0
SAN JUAN DE LURIGANCHO,PEATÓN,12,0,OTRO,SÁBADO,22,OTRO,RURAL,OTRO,NO CORRESPONDE,0,1
COMAS,CONDUCTOR,53,1,MOTOCICLETA,MIÉRCOLES,8,CARRETERA,INDUSTRIAL,OTRO,NO CORRESPONDE,1,1
PATIVILCA,PEATÓN,30,0,ÓMNIBUS,MARTES,5,OTRO,RESIDENCIAL,INTERSECCIÓN,NO CORRESPONDE,0,1
HUALMAY,CONDUCTOR,28,1,OTRO,MIÉRCOLES,3,CARRETERA,RURAL,OTRO,NO CORRESPONDE,0,1
CHECRAS,PEATÓN,6,1,MOTOCICLETA,MIÉRCOLES,23,CARRETERA,ESCOLAR,INTERSECCIÓN,NO CORRESPONDE,1,1
OYON,PEATÓN,81,0,AUTOMÓVIL,SÁBADO,17,OTRO,RURAL,TRAMO RECTO,NO HABILITADO,1,1
MANAS,CONDUCTOR,51,1,CAMIONETA RURAL,VIERNES,5,CARRETERA,INDUSTRIAL,OTRO,NO CORRESPONDE,0,0
BARRANCA,NO CONDUCTOR,63,1,MOTOCICLETA,MIÉRCOLES,4,OTRO,INDUSTRIAL,TRAMO RECTO,NO HABILITADO,0,1
SAN MIGUEL DE ACOS,PEATÓN,75,1,TRIMOTO PASAJERO,MARTES,10,AVENIDA,RESIDENCIAL,TRAMO RECTO,NO CORRESPONDE,0,1
RIMAC,NO CONDUCTOR,53,1,TRIMOTO PASAJERO,VIERNES,11,AVENIDA,INDUSTRIAL,OTRO,HABILITADO,1,1
VEGUETA,NO CONDUCTOR,12,0,ÓMNIBUS,DOMINGO,13,AVENIDA,RESIDENCIAL,TRAMO RECTO,NO CORRESPONDE,0,0
PACHACAMAC,NO CONDUCTOR,36,1,MOTOCICLETA,JUEVES,11,OTRO,ESCOLAR,OTRO,HABILITADO,1,1
LURIN,NO CONDUCTOR,24,0,TRIMOTO PASAJERO,SÁBADO,13,OTRO,RURAL,INTERSECCIÓN,NO HABILITADO,1,0
SANTA MARIA,CONDUCTOR,74,1,TRIMOTO PASAJERO,MARTES,16,OTRO,COMERCIAL,OTRO,NO HABILITADO,1,1
PACHACAMAC,PEATÓN,62,0,AUTOMÓVIL,MIÉRCOLES,1,OTRO,RESIDENCIAL,INTERSECCIÓN,HABILITADO,0,1
LURIGANCHO,CONDUCTOR,76,0,ÓMNIBUS,SÁBADO,11,CARRETERA,RURAL,OTRO,NO CORRESPONDE,1,0
CHECRAS,PEATÓN,1,1,CAMIÓN,LUNES,9,CARRETERA,INDUSTRIAL,TRAMO RECTO,NO CORRESPONDE,1,1
HUALMAY,CONDUCTOR,52,1,TRIMOTO PASAJERO,MARTES,6,CARRETERA,INDUSTRIAL,TRAMO RECTO,NO CORRESPONDE,1,1
MAGDALENA DEL MAR,PEATÓN,0,1,ÓMNIBUS,SÁBADO,23,OTRO,RURAL,INTERSECCIÓN,NO HABILITADO,1,1
RIMAC,NO CONDUCTOR,88,0,MOTOCICLETA,MIÉRCOLES,4,OTRO,COMERCIAL,TRAMO RECTO,NO CORRESPONDE,1,1
BREÑA,NO CONDUCTOR,38,0,TRIMOTO PASAJERO,MARTES,1,OTRO,ESCOLAR,INTERSECCIÓN,NO CORRESPONDE,1,0
BREÑA,CONDUCTOR,13,0,OTRO,SÁBADO,13,AVENIDA,RURAL,OTRO,NO HABILITADO,0,1
LURIGANCHO,NO CONDUCTOR,19,1,MOTOCICLETA,LUNES,22,AVENIDA,COMERCIAL,OTRO,NO CORRESPONDE,0,1
BARRANCO,CONDUCTOR,37,1,TRIMOTO PASAJERO,JUEVES,13,CARRETERA,RURAL,TRAMO RECTO,NO HABILITADO,0,1
SAN ISIDRO,PEATÓN,57,1,TRIMOTO PASAJERO,JUEVES,18,AVENIDA,INDUSTRIAL,TRAMO RECTO,NO CORRESPONDE,0,1
AUCALLAMA,NO CONDUCTOR,47,1,ÓMNIBUS,VIERNES,13,AVENIDA,RURAL,INTERSECCIÓN,NO CORRESPONDE,1,0
VILLA EL SALVADOR,PEATÓN,94,0,ÓMNIBUS,VIERNES,10,CARRETERA,RESIDENCIAL,TRAMO RECTO,HABILITADO,1,1
SANTA MARIA,CONDUCTOR,0,0,AUTOMÓVIL,LUNES,20,AVENIDA,RESIDENCIAL,INTERSECCIÓN,NO HABILITADO,0,0
HUARAL,CONDUCTOR,73,1,MOTOCICLETA,DOMINGO,4,OTRO,ESCOLAR,OTRO,HABILITADO,1,1
SAN MATEO,NO CONDUCTOR,58,1,ÓMNIBUS,LUNES,10,CARRETERA,RESIDENCIAL,TRAMO RECTO,NO CORRESPONDE,0,0
VEGUETA,PEATÓN,40,1,CAMIONETA RURAL,MARTES,14,OTRO,RURAL,TRAMO RECTO,NO CORRESPONDE,1,1
PUEBLO LIBRE,CONDUCTOR,23,1,MOTOCICLETA,VIERNES,21,AVENIDA,RURAL,OTRO,NO HABILITADO,0,1
ATAVILLOS ALTO,PEATÓN,45,0,AUTOMÓVIL,MARTES,4,CARRETERA,COMERCIAL,TRAMO RECTO,NO CORRESPONDE,1,1
TANTA,CONDUCTOR,48,0,AUTOMÓVIL,VIERNES,8,AVENIDA,RURAL,TRAMO RECTO,NO CORRESPONDE,1,0
HUANCAPON,CONDUCTOR,12,0,AUTOMÓVIL,MARTES,4,OTRO,RURAL,TRAMO RECTO,HABILITADO,0,1
SANTA CRUZ DE ANDAMARCA,PEATÓN,15,0,CAMIONETA RURAL,MARTES,20,CARRETERA,COMERCIAL,OTRO,NO CORRESPONDE,0,1
NAVAN,PEATÓN,88,0,CAMIÓN,MIÉRCOLES,2,CARRETERA,COMERCIAL,OTRO,NO CORRESPONDE,1,1
SAN MARTIN DE PORRES,PEATÓN,61,1,ÓMNIBUS,JUEVES,4,AVENIDA,COMERCIAL,INTERSECCIÓN,NO HABILITADO,1,1
LOS OLIVOS,NO CONDUCTOR,14,0,CAMIONETA RURAL,DOMINGO,17,CARRETERA,COMERCIAL,OTRO,HABILITADO,0,0
CIENEGUILLA,PEATÓN,13,0,AUTOMÓVIL,MIÉRCOLES,12,CARRETERA,RESIDENCIAL,TRAMO RECTO,NO HABILITADO,1,0
RICARDO PALMA,PEATÓN,45,1,OTRO,DOMINGO,11,AVENIDA,ESCOLAR,INTERSECCIÓN,HABILITADO,1,1
HUALMAY,PEATÓN,88,1,CAMIONETA RURAL,VIERNES,6,AVENIDA,ESCOLAR,TRAMO RECTO,NO HABILITADO,0,1
BARRANCO,CONDUCTOR,49,1,MOTOCICLETA,JUEVES,21,CARRETERA,RESIDENCIAL,TRAMO RECTO,NO HABILITADO,1,1
SURQUILLO,NO CONDUCTOR,73,0,ÓMNIBUS,SÁBADO,5,CARRETERA,RESIDENCIAL,OTRO,HABILITADO,0,0
SAN MIGUEL DE ACOS,PEATÓN,33,1,TRIMOTO PASAJERO,VIERNES,19,OTRO,ESCOLAR,INTERSECCIÓN,HABILITADO,0,1
CHACLACAYO,NO CONDUCTOR,49,1,AUTOMÓVIL,VIERNES,16,AVENIDA,RESIDENCIAL,INTERSECCIÓN,NO HABILITADO,1,0
SAN JUAN DE LURIGANCHO,NO CONDUCTOR,96,0,MOTOCICLETA,DOMINGO,22,OTRO,RESIDENCIAL,INTERSECCIÓN,HABILITADO,1,1
ANCON,CONDUCTOR,69,1,AUTOMÓVIL,VIERNES,21,OTRO,COMERCIAL,TRAMO RECTO,NO CORRESPONDE,1,0
SAYAN,CONDUCTOR,34,0,OTRO,MIÉRCOLES,20,CARRETERA,RURAL,OTRO,HABILITADO,1,0
PUENTE PIEDRA,PEATÓN,1,1,CAMIÓN,MIÉRCOLES,4,OTRO,RURAL,TRAMO RECTO,NO CORRESPONDE,0,1
BARRANCA,CONDUCTOR,51,0,CAMIONETA RURAL,JUEVES,6,CARRETERA,RESIDENCIAL,TRAMO RECTO,HABILITADO,1,0
SANTA CRUZ DE ANDAMARCA,PEATÓN,25,0,MOTOCICLETA,VIERNES,21,CARRETERA,RURAL,TRAMO RECTO,NO HABILITADO,0,1
EL AGUSTINO,PEATÓN,33,0,CAMIONETA RURAL,DOMINGO,23,AVENIDA,RURAL,INTERSECCIÓN,HABILITADO,1,1
JESUS MARIA,CONDUCTOR,15,1,CAMIÓN,DOMINGO,11,CARRETERA,RESIDENCIAL,INTERSECCIÓN,NO CORRESPONDE,1,0
SAN BARTOLO,PEATÓN,84,1,CAMIONETA RURAL,MARTES,9,OTRO,RESIDENCIAL,OTRO,HABILITADO,0,1
PUEBLO LIBRE,CONDUCTOR,74,0,CAMIONETA RURAL,JUEVES,5,AVENIDA,COMERCIAL,TRAMO RECTO,NO CORRESPONDE,1,0
LURIGANCHO,CONDUCTOR,79,1,CAMIONETA RURAL,VIERNES,22,OTRO,ESCOLAR,OTRO,NO HABILITADO,0,0
CIENEGUILLA,CONDUCTOR,42,1,OTRO,LUNES,12,OTRO,ESCOLAR,OTRO,NO CORRESPONDE,0,0
ATAVILLOS ALTO,CONDUCTOR,87,1,CAMIONETA RURAL,VIERNES,4,CARRETERA,INDUSTRIAL,OTRO,NO HABILITADO,0,1
PUENTE PIEDRA,CONDUCTOR,78,1,CAMIONETA RURAL,JUEVES,10,AVENIDA,INDUSTRIAL,OTRO,NO CORRESPONDE,1,1
SAN ISIDRO,PEATÓN,23,0,ÓMNIBUS,DOMINGO,3,CARRETERA,COMERCIAL,INTERSECCIÓN,NO CORRESPONDE,0,1
PACCHO,PEATÓN,31,0,AUTOMÓVIL,JUEVES,12,OTRO,RESIDENCIAL,OTRO,NO HABILITADO,1,1
VILLA MARIA DEL TRIUNFO,CONDUCTOR,21,0,ÓMNIBUS,JUEVES,6,AVENIDA,COMERCIAL,INTERSECCIÓN,NO CORRESPONDE,1,0
PACHANGARA,PEATÓN,84,1,ÓMNIBUS,MIÉRCOLES,6,OTRO,RURAL,INTERSECCIÓN,NO HABILITADO,0,1
MALA,PEATÓN,69,1,ÓMNIBUS,JUEVES,13,OTRO,RURAL,INTERSECCIÓN,NO HABILITADO,0,1
BARRANCA,CONDUCTOR,14,1,CAMIÓN,SÁBADO,10,AVENIDA,RESIDENCIAL,INTERSECCIÓN,NO HABILITADO,1,0
ATE,NO CONDUCTOR,40,1,CAMIONETA RURAL,MIÉRCOLES,3,CARRETERA,RESIDENCIAL,OTRO,HABILITADO,0,0
SANTA MARIA,CONDUCTOR,66,1,TRIMOTO PASAJERO,DOMINGO,9,CARRETERA,RURAL,OTRO,NO HABILITADO,0,1
MATUCANA,CONDUCTOR,55,1,TRIMOTO PASAJERO,DOMINGO,3,OTRO,COMERCIAL,TRAMO RECTO,NO CORRESPONDE,0,1
ATE,CONDUCTOR,45,0,OTRO,JUEVES,22,CARRETERA,RESIDENCIAL,INTERSECCIÓN,HABILITADO,0,0
SAN VICENTE DE CAÑETE,PEATÓN,42,0,ÓMNIBUS,DOMINGO,3,OTRO,INDUSTRIAL,INTERSECCIÓN,NO CORRESPONDE,0,1
AUCALLAMA,CONDUCTOR,4,0,CAMIÓN,JUEVES,4,OTRO,INDUSTRIAL,INTERSECCIÓN,HABILITADO,0,0
CHORRILLOS,NO CONDUCTOR,23,1,TRIMOTO PASAJERO,MARTES,13,CARRETERA,INDUSTRIAL,OTRO,NO CORRESPONDE,0,0
SURQUILLO,CONDUCTOR,34,1,OTRO,VIERNES,10,AVENIDA,ESCOLAR,INTERSECCIÓN,NO HABILITADO,0,0
MATUCANA,NO CONDUCTOR,9,1,MOTOCICLETA,SÁBADO,7,OTRO,INDUSTRIAL,TRAMO RECTO,NO HABILITADO,0,1
ATAVILLOS ALTO,CONDUCTOR,78,0,CAMIÓN,SÁBADO,15,AVENIDA,RURAL,INTERSECCIÓN,NO CORRESPONDE,0,1
VILLA MARIA DEL TRIUNFO,PEATÓN,36,0,ÓMNIBUS,JUEVES,21,AVENIDA,INDUSTRIAL,OTRO,NO CORRESPONDE,1,1
RIMAC,CONDUCTOR,25,1,TRIMOTO PASAJERO,MIÉRCOLES,21,AVENIDA,RESIDENCIAL,TRAMO RECTO,NO CORRESPONDE,0,1
MATUCANA,PEATÓN,22,1,CAMIONETA RURAL,SÁBADO,13,OTRO,RESIDENCIAL,TRAMO RECTO,HABILITADO,1,1
HUALMAY,CONDUCTOR,97,0,CAMIÓN,LUNES,23,CARRETERA,INDUSTRIAL,OTRO,HABILITADO,1,0
INDEPENDENCIA,CONDUCTOR,98,0,OTRO,DOMINGO,7,CARRETERA,ESCOLAR,OTRO,NO CORRESPONDE,1,1
SAN BARTOLO,NO CONDUCTOR,35,1,ÓMNIBUS,JUEVES,23,AVENIDA,RURAL,INTERSECCIÓN,HABILITADO,1,0
RIMAC,NO CONDUCTOR,79,0,CAMIONETA RURAL,LUNES,22,OTRO,INDUSTRIAL,OTRO,HABILITADO,1,0
SANTA ROSA,CONDUCTOR,24,0,CAMIÓN,JUEVES,3,AVENIDA,RESIDENCIAL,OTRO,NO CORRESPONDE,0,0
PUNTA HERMOSA,NO CONDUCTOR,25,1,MOTOCICLETA,LUNES,11,OTRO,COMERCIAL,OTRO,NO HABILITADO,1,1
INDEPENDENCIA,PEATÓN,22,0,OTRO,JUEVES,2,CARRETERA,RURAL,TRAMO RECTO,NO CORRESPONDE,0,1
SANTA CRUZ DE ANDAMARCA,PEATÓN,29,1,AUTOMÓVIL,MARTES,5,CARRETERA,RURAL,OTRO,NO CORRESPONDE,0,1
PACHANGARA,NO CONDUCTOR,50,0,AUTOMÓVIL,SÁBADO,10,OTRO,ESCOLAR,OTRO,NO HABILITADO,1,0
LURIGANCHO,PEATÓN,9,1,CAMIÓN,MARTES,16,OTRO,ESCOLAR,INTERSECCIÓN,NO CORRESPONDE,0,1
MANAS,PEATÓN,0,1,TRIMOTO PASAJERO,MIÉRCOLES,22,CARRETERA,RURAL,TRAMO RECTO,NO CORRESPONDE,1,1
SANTIAGO DE SURCO,CONDUCTOR,69,1,OTRO,MIÉRCOLES,18,AVENIDA,ESCOLAR,TRAMO RECTO,HABILITADO,0,1
SUPE,NO CONDUCTOR,87,0,ÓMNIBUS,LUNES,5,AVENIDA,RURAL,INTERSECCIÓN,HABILITADO,1,0
CARABAYLLO,CONDUCTOR,47,0,CAMIÓN,MIÉRCOLES,8,CARRETERA,ESCOLAR,OTRO,HABILITADO,1,0
SAN VICENTE DE CAÑETE,CONDUCTOR,35,1,MOTOCICLETA,DOMINGO,1,CARRETERA,INDUSTRIAL,INTERSECCIÓN,NO CORRESPONDE,0,1
ANCON,NO CONDUCTOR,22,0,CAMIONETA RURAL,JUEVES,8,OTRO,INDUSTRIAL,INTERSECCIÓN,NO HABILITADO,1,0
SAN JUAN DE MIRAFLORES,PEATÓN,70,1,ÓMNIBUS,JUEVES,14,CARRETERA,INDUSTRIAL,OTRO,NO CORRESPONDE,1,1
PACHACAMAC,NO CONDUCTOR,86,0,TRIMOTO PASAJERO,MIÉRCOLES,20,CARRETERA,COMERCIAL,OTRO,NO CORRESPONDE,1,0
PUCUSANA,NO CONDUCTOR,99,1,CAMIÓN,DOMINGO,17,CARRETERA,ESCOLAR,OTRO,NO CORRESPONDE,0,1
PATIVILCA,NO CONDUCTOR,10,1,TRIMOTO PASAJERO,JUEVES,17,AVENIDA,ESCOLAR,OTRO,NO HABILITADO,0,0
CHACLACAYO,PEATÓN,96,0,TRIMOTO PASAJERO,DOMINGO,23,OTRO,RESIDENCIAL,OTRO,HABILITADO,1,1
SAN MIGUEL,NO CONDUCTOR,79,0,OTRO,VIERNES,9,CARRETERA,COMERCIAL,TRAMO RECTO,HABILITADO,1,1
RICARDO PALMA,PEATÓN,1,0,CAMIONETA RURAL,JUEVES,3,AVENIDA,RESIDENCIAL,INTERSECCIÓN,HABILITADO,0,1
PACHANGARA,NO CONDUCTOR,100,1,TRIMOTO PASAJERO,SÁBADO,21,OTRO,RESIDENCIAL,TRAMO RECTO,HABILITADO,1,1
HUALMAY,NO CONDUCTOR,74,0,ÓMNIBUS,JUEVES,14,AVENIDA,COMERCIAL,TRAMO RECTO,HABILITADO,0,0
SANTA ANITA,NO CONDUCTOR,29,1,TRIMOTO PASAJERO,MIÉRCOLES,11,OTRO,INDUSTRIAL,TRAMO RECTO,HABILITADO,1,0
INDEPENDENCIA,NO CONDUCTOR,12,0,TRIMOTO PASAJERO,MIÉRCOLES,21,OTRO,INDUSTRIAL,TRAMO RECTO,HABILITADO,1,0
CHORRILLOS,NO CONDUCTOR,42,1,CAMIONETA RURAL,MARTES,2,CARRETERA,ESCOLAR,INTERSECCIÓN,NO HABILITADO,1,0
SUPE PUERTO,PEATÓN,6,0,CAMIONETA RURAL,MIÉRCOLES,17,OTRO,ESCOLAR,TRAMO RECTO,NO CORRESPONDE,0,1
RIMAC,CONDUCTOR,47,1,OTRO,DOMINGO,14,AVENIDA,COMERCIAL,TRAMO RECTO,HABILITADO,0,0
CHANCAY,CONDUCTOR,6,0,TRIMOTO PASAJERO,MARTES,2,OTRO,ESCOLAR,TRAMO RECTO,NO HABILITADO,0,0
TANTA,NO CONDUCTOR,21,0,CAMIÓN,SÁBADO,5,OTRO,RURAL,INTERSECCIÓN,NO CORRESPONDE,0,0
LA VICTORIA,PEATÓN,7,0,CAMIÓN,MIÉRCOLES,22,CARRETERA,COMERCIAL,TRAMO RECTO,HABILITADO,0,1
MALA,NO CONDUCTOR,13,0,TRIMOTO PASAJERO,JUEVES,15,AVENIDA,RURAL,OTRO,NO CORRESPONDE,0,0
MANAS,CONDUCTOR,45,0,OTRO,LUNES,8,CARRETERA,RURAL,OTRO,NO HABILITADO,0,1
CHORRILLOS,NO CONDUCTOR,23,0,CAMIÓN,DOMINGO,3,OTRO,RESIDENCIAL,TRAMO RECTO,HABILITADO,1,0
SAN JUAN DE LURIGANCHO,PEATÓN,90,1,AUTOMÓVIL,DOMINGO,10,OTRO,INDUSTRIAL,TRAMO RECTO,NO HABILITADO,0,1
CIENEGUILLA,CONDUCTOR,32,1,CAMIONETA RURAL,VIERNES,9,OTRO,COMERCIAL,TRAMO RECTO,NO HABILITADO,0,0
RIMAC,CONDUCTOR,19,0,ÓMNIBUS,LUNES,5,AVENIDA,COMERCIAL,TRAMO RECTO,NO HABILITADO,1,0
SANTA CRUZ DE ANDAMARCA,NO CONDUCTOR,98,0,CAMIÓN,JUEVES,5,AVENIDA,RURAL,INTERSECCIÓN,NO HABILITADO,1,1
COMAS,NO CONDUCTOR,96,1,ÓMNIBUS,MIÉRCOLES,23,AVENIDA,ESCOLAR,OTRO,HABILITADO,0,0
SAN LUIS,NO CONDUCTOR,33,1,ÓMNIBUS,JUEVES,17,AVENIDA,RURAL,TRAMO RECTO,NO HABILITADO,0,0
SAN JUAN DE LURIGANCHO,CONDUCTOR,38,0,TRIMOTO PASAJERO,SÁBADO,16,OTRO,ESCOLAR,TRAMO RECTO,NO HABILITADO,0,0
CHILCA,NO CONDUCTOR,91,1,MOTOCICLETA,MARTES,10,AVENIDA,ESCOLAR,TRAMO RECTO,NO HABILITADO,1,1
SAN MIGUEL,NO CONDUCTOR,33,0,CAMIÓN,DOMINGO,14,OTRO,COMERCIAL,TRAMO RECTO,NO CORRESPONDE,1,0
JESUS MARIA,NO CONDUCTOR,95,0,OTRO,VIERNES,7,AVENIDA,ESCOLAR,TRAMO RECTO,NO HABILITADO,1,1
LA VICTORIA,PEATÓN,27,0,ÓMNIBUS,VIERNES,1,CARRETERA,ESCOLAR,TRAMO RECTO,NO CORRESPONDE,0,1
BARRANCA,NO CONDUCTOR,44,0,MOTOCICLETA,MARTES,15,OTRO,ESCOLAR,TRAMO RECTO,NO CORRESPONDE,1,1
SUPE PUERTO,NO CONDUCTOR,16,1,TRIMOTO PASAJERO,VIERNES,16,CARRETERA,RESIDENCIAL,TRAMO RECTO,NO HABILITADO,1,0
PACHANGARA,CONDUCTOR,40,1,CAMIÓN,MIÉRCOLES,3,AVENIDA,INDUSTRIAL,INTERSECCIÓN,NO HABILITADO,1,0
LOS OLIVOS,NO CONDUCTOR,41,0,CAMIONETA RURAL,JUEVES,12,AVENIDA,RESIDENCIAL,INTERSECCIÓN,NO HABILITADO,0,0
SAN ISIDRO,PEATÓN,49,0,AUTOMÓVIL,LUNES,1,CARRETERA,COMERCIAL,TRAMO RECTO,HABILITADO,0,1
LIMA,PEATÓN,70,0,OTRO,MIÉRCOLES,13,OTRO,RURAL,OTRO,NO HABILITADO,1,1
PACHACAMAC,NO CONDUCTOR,39,0,CAMIÓN,VIERNES,16,AVENIDA,INDUSTRIAL,TRAMO RECTO,HABILITADO,0,0
PARAMONGA,NO CONDUCTOR,98,0,TRIMOTO PASAJERO,SÁBADO,14,OTRO,ESCOLAR,OTRO,NO CORRESPONDE,0,1
LOS OLIVOS,PEATÓN,48,1,AUTOMÓVIL,LUNES,13,AVENIDA,RURAL,OTRO,NO CORRESPONDE,0,1
LA MOLINA,NO CONDUCTOR,85,0,TRIMOTO PASAJERO,DOMINGO,18,OTRO,RESIDENCIAL,OTRO,HABILITADO,1,1
HUACHO,NO CONDUCTOR,23,1,ÓMNIBUS,DOMINGO,21,AVENIDA,RESIDENCIAL,INTERSECCIÓN,NO CORRESPONDE,0,0
SANTA MARIA,NO CONDUCTOR,51,1,AUTOMÓVIL,DOMINGO,6,OTRO,RESIDENCIAL,OTRO,HABILITADO,0,0
NAVAN,NO CONDUCTOR,90,0,AUTOMÓVIL,JUEVES,19,AVENIDA,COMERCIAL,TRAMO RECTO,NO CORRESPONDE,0,1
HUANCAPON,PEATÓN,94,1,AUTOMÓVIL,MARTES,20,AVENIDA,INDUSTRIAL,INTERSECCIÓN,HABILITADO,1,1
EL AGUSTINO,NO CONDUCTOR,9,1,OTRO,MIÉRCOLES,20,AVENIDA,ESCOLAR,INTERSECCIÓN,HABILITADO,1,0
PARAMONGA,PEATÓN,61,0,OTRO,SÁBADO,8,CARRETERA,INDUSTRIAL,OTRO,HABILITADO,1,1
PARAMONGA,PEATÓN,8,1,CAMIONETA RURAL,LUNES,5,OTRO,COMERCIAL,OTRO,HABILITADO,0,1
COMAS,PEATÓN,8,1,OTRO,MARTES,22,OTRO,INDUSTRIAL,OTRO,HABILITADO,0,1
BARRANCA,NO CONDUCTOR,96,0,MOTOCICLETA,MIÉRCOLES,21,OTRO,RESIDENCIAL,INTERSECCIÓN,HABILITADO,1,1
SANTA ROSA,NO CONDUCTOR,67,0,OTRO,DOMINGO,20,CARRETERA,ESCOLAR,INTERSECCIÓN,NO CORRESPONDE,1,0
PACHACAMAC,NO CONDUCTOR,86,0,AUTOMÓVIL,VIERNES,15,CARRETERA,RURAL,INTERSECCIÓN,HABILITADO,0,1
LOS OLIVOS,CONDUCTOR,4,1,OTRO,MARTES,15,OTRO,RESIDENCIAL,OTRO,NO HABILITADO,1,0
CHECRAS,PEATÓN,86,1,OTRO,JUEVES,13,CARRETERA,ESCOLAR,INTERSECCIÓN,NO CORRESPONDE,0,1
PUNTA HERMOSA,PEATÓN,83,0,OTRO,LUNES,14,AVENIDA,RESIDENCIAL,TRAMO RECTO,NO CORRESPONDE,1,1
SAN MIGUEL,NO CONDUCTOR,58,1,CAMIÓN,SÁBADO,3,CARRETERA,RURAL,TRAMO RECTO,HABILITADO,1,0
PACCHO,NO CONDUCTOR,89,1,MOTOCICLETA,SÁBADO,15,CARRETERA,INDUSTRIAL,INTERSECCIÓN,NO CORRESPONDE,0,1
PUEBLO LIBRE,CONDUCTOR,96,0,TRIMOTO PASAJERO,LUNES,12,AVENIDA,RESIDENCIAL,OTRO,HABILITADO,0,1
ATE,NO CONDUCTOR,76,0,MOTOCICLETA,MARTES,10,CARRETERA,COMERCIAL,TRAMO RECTO,NO HABILITADO,0,1
PACHANGARA,CONDUCTOR,67,0,AUTOMÓVIL,JUEVES,21,OTRO,COMERCIAL,OTRO,HABILITADO,1,0
MAGDALENA DEL MAR,CONDUCTOR,39,0,MOTOCICLETA,DOMINGO,4,CARRETERA,RURAL,TRAMO RECTO,NO HABILITADO,0,1
LIMA,NO CONDUCTOR,68,0,TRIMOTO PASAJERO,MIÉRCOLES,6,OTRO,INDUSTRIAL,OTRO,NO HABILITADO,1,1
RIMAC,PEATÓN,79,0,TRIMOTO PASAJERO,SÁBADO,21,CARRETERA,INDUSTRIAL,TRAMO RECTO,HABILITADO,0,1
PUEBLO LIBRE,PEATÓN,88,0,MOTOCICLETA,JUEVES,12,CARRETERA,RESIDENCIAL,OTRO,NO HABILITADO,0,1
SURQUILLO,NO CONDUCTOR,78,1,TRIMOTO PASAJERO,LUNES,21,CARRETERA,RESIDENCIAL,OTRO,NO HABILITADO,1,1
PUCUSANA,CONDUCTOR,11,1,MOTOCICLETA,DOMINGO,15,AVENIDA,INDUSTRIAL,INTERSECCIÓN,NO CORRESPONDE,0,1
HUARAL,PEATÓN,2,0,CAMIÓN,LUNES,3,CARRETERA,RESIDENCIAL,TRAMO RECTO,HABILITADO,1,1
SANTA MARIA,CONDUCTOR,14,1,CAMIÓN,JUEVES,18,CARRETERA,ESCOLAR,INTERSECCIÓN,NO HABILITADO,0,0
SAN JUAN DE LURIGANCHO,PEATÓN,19,1,ÓMNIBUS,MARTES,11,CARRETERA,RESIDENCIAL,INTERSECCIÓN,NO HABILITADO,0,1
LIMA,CONDUCTOR,64,1,MOTOCICLETA,JUEVES,6,OTRO,ESCOLAR,OTRO,NO CORRESPONDE,1,1
HUAURA,NO CONDUCTOR,55,1,OTRO,JUEVES,11,AVENIDA,RESIDENCIAL,TRAMO RECTO,NO CORRESPONDE,1,0
BARRANCA,NO CONDUCTOR,5,0,AUTOMÓVIL,DOMINGO,9,OTRO,RURAL,OTRO,HABILITADO,0,0
JESUS MARIA,NO CONDUCTOR,37,1,CAMIÓN,VIERNES,15,AVENIDA,RESIDENCIAL,TRAMO RECTO,NO CORRESPONDE,0,0
JESUS MARIA,PEATÓN,27,0,CAMIONETA RURAL,MARTES,2,AVENIDA,INDUSTRIAL,INTERSECCIÓN,NO HABILITADO,1,1
LURIN,NO CONDUCTOR,51,1,AUTOMÓVIL,VIERNES,20,OTRO,RURAL,TRAMO RECTO,NO CORRESPONDE,0,1
SANTA ANITA,CONDUCTOR,94,1,MOTOCICLETA,DOMINGO,2,CARRETERA,RESIDENCIAL,INTERSECCIÓN,NO HABILITADO,0,1
HUACHO,PEATÓN,78,1,CAMIÓN,SÁBADO,17,CARRETERA,RURAL,INTERSECCIÓN,NO HABILITADO,0,1
LA MOLINA,CONDUCTOR,96,1,CAMIÓN,MARTES,22,OTRO,INDUSTRIAL,OTRO,HABILITADO,0,0
CHACLACAYO,NO CONDUCTOR,26,1,TRIMOTO PASAJERO,MARTES,19,CARRETERA,RURAL,OTRO,NO CORRESPONDE,0,0
JESUS MARIA,PEATÓN,69,0,MOTOCICLETA,MARTES,11,OTRO,ESCOLAR,INTERSECCIÓN,HABILITADO,1,1
PATIVILCA,NO CONDUCTOR,40,0,TRIMOTO PASAJERO,DOMINGO,9,CARRETERA,ESCOLAR,OTRO,HABILITADO,0,0
LOS OLIVOS,NO CONDUCTOR,62,1,AUTOMÓVIL,LUNES,14,CARRETERA,RURAL,OTRO,HABILITADO,0,0
HUACHO,CONDUCTOR,81,0,CAMIONETA RURAL,MARTES,3,AVENIDA,ESCOLAR,TRAMO RECTO,NO CORRESPONDE,1,0
HUALMAY,NO CONDUCTOR,62,1,TRIMOTO PASAJERO,SÁBADO,21,CARRETERA,INDUSTRIAL,OTRO,HABILITADO,0,1
OYON,CONDUCTOR,32,1,OTRO,LUNES,21,AVENIDA,ESCOLAR,INTERSECCIÓN,HABILITADO,0,0
RICARDO PALMA,NO CONDUCTOR,95,0,OTRO,JUEVES,18,OTRO,RURAL,TRAMO RECTO,NO HABILITADO,0,1
BARRANCA,CONDUCTOR,89,1,CAMIÓN,JUEVES,6,AVENIDA,RESIDENCIAL,OTRO,NO CORRESPONDE,0,0
SAYAN,CONDUCTOR,73,0,CAMIÓN,LUNES,11,OTRO,INDUSTRIAL,OTRO,HABILITADO,1,1
PATIVILCA,PEATÓN,34,1,MOTOCICLETA,VIERNES,13,CARRETERA,INDUSTRIAL,OTRO,NO HABILITADO,1,1
SANTIAGO DE SURCO,CONDUCTOR,65,1,MOTOCICLETA,MARTES,12,CARRETERA,ESCOLAR,INTERSECCIÓN,HABILITADO,0,1
CHORRILLOS,PEATÓN,37,0,MOTOCICLETA,MARTES,18,AVENIDA,INDUSTRIAL,TRAMO RECTO,HABILITADO,0,1
NAVAN,PEATÓN,21,0,CAMIONETA RURAL,SÁBADO,6,OTRO,INDUSTRIAL,TRAMO RECTO,HABILITADO,1,1
TANTA,PEATÓN,55,1,CAMIÓN,JUEVES,18,AVENIDA,ESCOLAR,INTERSECCIÓN,HABILITADO,0,1
COMAS,NO CONDUCTOR,11,0,OTRO,DOMINGO,9,AVENIDA,COMERCIAL,TRAMO RECTO,NO HABILITADO,1,0
PACCHO,CONDUCTOR,85,1,TRIMOTO PASAJERO,MARTES,6,CARRETERA,COMERCIAL,OTRO,NO HABILITADO,1,1
SAN ISIDRO,CONDUCTOR,16,1,AUTOMÓVIL,JUEVES,22,OTRO,COMERCIAL,OTRO,NO CORRESPONDE,1,0
LOS OLIVOS,CONDUCTOR,58,1,MOTOCICLETA,MARTES,9,CARRETERA,RURAL,TRAMO RECTO,NO HABILITADO,1,1
SAN MIGUEL,NO CONDUCTOR,98,1,MOTOCICLETA,SÁBADO,1,CARRETERA,RESIDENCIAL,OTRO,NO HABILITADO,0,1
HUACHO,PEATÓN,81,1,MOTOCICLETA,MIÉRCOLES,21,OTRO,INDUSTRIAL,OTRO,HABILITADO,0,1
AUCALLAMA,CONDUCTOR,32,0,AUTOMÓVIL,LUNES,18,AVENIDA,RESIDENCIAL,OTRO,HABILITADO,1,0
SAN JUAN DE LURIGANCHO,PEATÓN,25,0,OTRO,MARTES,7,AVENIDA,INDUSTRIAL,OTRO,NO CORRESPONDE,0,1
HUAURA,PEATÓN,47,1,OTRO,MIÉRCOLES,20,CARRETERA,RURAL,INTERSECCIÓN,NO CORRESPONDE,0,1
SANTIAGO DE SURCO,PEATÓN,12,1,OTRO,DOMINGO,1,CARRETERA,RURAL,OTRO,HABILITADO,1,1
LIMA,NO CONDUCTOR,80,0,TRIMOTO PASAJERO,LUNES,10,CARRETERA,RESIDENCIAL,OTRO,NO CORRESPONDE,0,1
NAVAN,PEATÓN,69,0,ÓMNIBUS,MARTES,9,AVENIDA,INDUSTRIAL,TRAMO RECTO,NO CORRESPONDE,1,1
BARRANCA,CONDUCTOR,17,1,CAMIONETA RURAL,JUEVES,12,AVENIDA,COMERCIAL,TRAMO RECTO,NO CORRESPONDE,1,0
LIMA,CONDUCTOR,21,1,CAMIONETA RURAL,DOMINGO,6,OTRO,RURAL,OTRO,NO CORRESPONDE,1,0
PUCUSANA,PEATÓN,19,1,MOTOCICLETA,JUEVES,7,AVENIDA,COMERCIAL,OTRO,NO CORRESPONDE,0,1
VILLA EL SALVADOR,CONDUCTOR,64,0,MOTOCICLETA,LUNES,15,CARRETERA,RESIDENCIAL,INTERSECCIÓN,HABILITADO,1,1
PACHACAMAC,PEATÓN,79,0,TRIMOTO PASAJERO,MIÉRCOLES,19,CARRETERA,RESIDENCIAL,INTERSECCIÓN,NO HABILITADO,0,1
CHICLA,NO CONDUCTOR,10,0,CAMIÓN,MARTES,7,AVENIDA,INDUSTRIAL,INTERSECCIÓN,HABILITADO,0,0
BARRANCO,PEATÓN,41,1,AUTOMÓVIL,SÁBADO,16,AVENIDA,COMERCIAL,OTRO,HABILITADO,0,1
SURQUILLO,NO CONDUCTOR,78,1,MOTOCICLETA,DOMINGO,6,CARRETERA,ESCOLAR,TRAMO RECTO,HABILITADO,0,1
MANAS,NO CONDUCTOR,82,1,MOTOCICLETA,JUEVES,20,CARRETERA,COMERCIAL,TRAMO RECTO,HABILITADO,1,1
BARRANCO,PEATÓN,62,1,TRIMOTO PASAJERO,MARTES,1,AVENIDA,ESCOLAR,INTERSECCIÓN,NO CORRESPONDE,1,1
SAYAN,NO CONDUCTOR,56,0,AUTOMÓVIL,DOMINGO,23,OTRO,RURAL,TRAMO RECTO,HABILITADO,0,0
SANTA ROSA,CONDUCTOR,69,0,ÓMNIBUS,LUNES,3,AVENIDA,RESIDENCIAL,OTRO,NO CORRESPONDE,0,0
CIENEGUILLA,PEATÓN,77,1,TRIMOTO PASAJERO,MIÉRCOLES,19,OTRO,COMERCIAL,OTRO,HABILITADO,0,1
LA MOLINA,NO CONDUCTOR,65,1,CAMIÓN,JUEVES,13,OTRO,RURAL,INTERSECCIÓN,HABILITADO,1,0
SANTA MARIA,CONDUCTOR,91,1,MOTOCICLETA,DOMINGO,14,OTRO,COMERCIAL,INTERSECCIÓN,HABILITADO,0,1
RICARDO PALMA,PEATÓN,61,0,AUTOMÓVIL,JUEVES,1,AVENIDA,RURAL,TRAMO RECTO,HABILITADO,1,1
SAN MIGUEL,PEATÓN,41,1,CAMIÓN,VIERNES,23,CARRETERA,RURAL,OTRO,NO CORRESPONDE,1,1
BARRANCA,NO CONDUCTOR,19,0,ÓMNIBUS,MARTES,10,OTRO,INDUSTRIAL,OTRO,NO CORRESPONDE,1,0
HUACHO,NO CONDUCTOR,53,1,TRIMOTO PASAJERO,SÁBADO,15,OTRO,RURAL,TRAMO RECTO,NO CORRESPONDE,1,1
CIENEGUILLA,PEATÓN,66,1,TRIMOTO PASAJERO,LUNES,6,CARRETERA,RURAL,OTRO,HABILITADO,1,1
JESUS MARIA,PEATÓN,49,1,CAMIONETA RURAL,DOMINGO,6,OTRO,INDUSTRIAL,TRAMO RECTO,HABILITADO,0,1
CHANCAY,CONDUCTOR,49,1,AUTOMÓVIL,DOMINGO,7,AVENIDA,RURAL,OTRO,HABILITADO,1,0
AMBAR,PEATÓN,30,0,CAMIONETA RURAL,JUEVES,20,OTRO,COMERCIAL,TRAMO RECTO,NO CORRESPONDE,1,1
HUAURA,CONDUCTOR,19,0,TRIMOTO PASAJERO,DOMINGO,23,AVENIDA,RURAL,OTRO,NO HABILITADO,1,0
CHICLA,CONDUCTOR,88,1,ÓMNIBUS,VIERNES,13,OTRO,INDUSTRIAL,INTERSECCIÓN,HABILITADO,0,1
SAYAN,PEATÓN,10,1,CAMIÓN,JUEVES,15,CARRETERA,RESIDENCIAL,INTERSECCIÓN,NO CORRESPONDE,1,1
BARRANCA,PEATÓN,67,1,OTRO,DOMINGO,18,OTRO,RESIDENCIAL,TRAMO RECTO,NO CORRESPONDE,1,1
SAN LUIS,NO CONDUCTOR,15,1,MOTOCICLETA,DOMINGO,2,AVENIDA,ESCOLAR,TRAMO RECTO,NO HABILITADO,1,1
CHORRILLOS,NO CONDUCTOR,69,1,CAMIÓN,SÁBADO,21,OTRO,RESIDENCIAL,TRAMO RECTO,NO HABILITADO,0,0
SANTIAGO DE SURCO,CONDUCTOR,4,0,OTRO,LUNES,17,CARRETERA,INDUSTRIAL,TRAMO RECTO,NO CORRESPONDE,1,0
PARAMONGA,NO CONDUCTOR,0,1,TRIMOTO PASAJERO,MIÉRCOLES,11,CARRETERA,ESCOLAR,TRAMO RECTO,NO HABILITADO,1,1
COMAS,NO CONDUCTOR,93,0,AUTOMÓVIL,VIERNES,10,CARRETERA,RESIDENCIAL,OTRO,NO CORRESPONDE,0,1
LA MOLINA,CONDUCTOR,14,1,CAMIONETA RURAL,MARTES,22,CARRETERA,COMERCIAL,TRAMO RECTO,NO HABILITADO,1,0
RICARDO PALMA,NO CONDUCTOR,93,1,MOTOCICLETA,MIÉRCOLES,1,OTRO,RESIDENCIAL,TRAMO RECTO,NO HABILITADO,1,1
PACHACAMAC,PEATÓN,18,0,CAMIÓN,DOMINGO,4,OTRO,COMERCIAL,TRAMO RECTO,NO CORRESPONDE,0,1
SANTA MARIA,CONDUCTOR,11,0,TRIMOTO PASAJERO,MIÉRCOLES,13,CARRETERA,COMERCIAL,INTERSECCIÓN,HABILITADO,0,1
HUALMAY,CONDUCTOR,75,0,ÓMNIBUS,VIERNES,10,AVENIDA,COMERCIAL,INTERSECCIÓN,NO HABILITADO,1,1
SURQUILLO,CONDUCTOR,77,1,ÓMNIBUS,DOMINGO,10,AVENIDA,COMERCIAL,OTRO,NO CORRESPONDE,1,0
SANTA MARIA,NO CONDUCTOR,33,0,ÓMNIBUS,VIERNES,10,CARRETERA,COMERCIAL,OTRO,NO HABILITADO,0,1
OYON,CONDUCTOR,38,1,TRIMOTO PASAJERO,LUNES,18,AVENIDA,INDUSTRIAL,TRAMO RECTO,NO CORRESPONDE,0,0
EL AGUSTINO,PEATÓN,38,1,AUTOMÓVIL,VIERNES,4,AVENIDA,ESCOLAR,TRAMO RECTO,NO CORRESPONDE,0,1
CHORRILLOS,NO CONDUCTOR,1,1,CAMIÓN,JUEVES,22,CARRETERA,COMERCIAL,INTERSECCIÓN,NO HABILITADO,0,0
PARAMONGA,CONDUCTOR,7,0,ÓMNIBUS,JUEVES,9,AVENIDA,COMERCIAL,TRAMO RECTO,NO CORRESPONDE,0,0
ATAVILLOS ALTO,NO CONDUCTOR,35,1,CAMIONETA RURAL,LUNES,7,AVENIDA,RURAL,TRAMO RECTO,NO CORRESPONDE,0,0
SANTA ANITA,PEATÓN,15,1,CAMIÓN,MARTES,21,AVENIDA,RESIDENCIAL,OTRO,NO CORRESPONDE,1,1
SANTA MARIA,NO CONDUCTOR,71,1,OTRO,JUEVES,12,OTRO,INDUSTRIAL,TRAMO RECTO,NO CORRESPONDE,0,1
PACCHO,PEATÓN,65,0,AUTOMÓVIL,JUEVES,5,AVENIDA,INDUSTRIAL,TRAMO RECTO,NO HABILITADO,0,1
CARABAYLLO,NO CONDUCTOR,96,0,CAMIÓN,LUNES,22,CARRETERA,INDUSTRIAL,TRAMO RECTO,HABILITADO,1,0
CHICLA,NO CONDUCTOR,82,0,TRIMOTO PASAJERO,MIÉRCOLES,5,CARRETERA,RESIDENCIAL,TRAMO RECTO,HABILITADO,1,1
VEGUETA,NO CONDUCTOR,97,1,CAMIONETA RURAL,LUNES,14,OTRO,RESIDENCIAL,OTRO,NO CORRESPONDE,0,0
PUCUSANA,NO CONDUCTOR,59,0,OTRO,SÁBADO,8,AVENIDA,COMERCIAL,TRAMO RECTO,NO CORRESPONDE,1,0
SUPE PUERTO,NO CONDUCTOR,71,0,OTRO,VIERNES,8,CARRETERA,INDUSTRIAL,INTERSECCIÓN,HABILITADO,1,1
PARAMONGA,NO CONDUCTOR,56,0,TRIMOTO PASAJERO,LUNES,10,AVENIDA,COMERCIAL,INTERSECCIÓN,NO CORRESPONDE,1,0
JESUS MARIA,CONDUCTOR,20,0,TRIMOTO PASAJERO,VIERNES,16,CARRETERA,RESIDENCIAL,OTRO,HABILITADO,0,0
TANTA,PEATÓN,53,0,AUTOMÓVIL,MIÉRCOLES,13,AVENIDA,RESIDENCIAL,TRAMO RECTO,NO CORRESPONDE,1,1
CAJATAMBO,PEATÓN,94,1,ÓMNIBUS,JUEVES,18,OTRO,ESCOLAR,TRAMO RECTO,NO HABILITADO,0,1
LOS OLIVOS,NO CONDUCTOR,24,1,CAMIONETA RURAL,LUNES,5,OTRO,INDUSTRIAL,INTERSECCIÓN,NO CORRESPONDE,1,0
SAN VICENTE DE CAÑETE,PEATÓN,18,0,ÓMNIBUS,JUEVES,8,CARRETERA,INDUSTRIAL,TRAMO RECTO,NO CORRESPONDE,0,1
SAN BORJA,CONDUCTOR,46,1,AUTOMÓVIL,JUEVES,15,CARRETERA,COMERCIAL,TRAMO RECTO,NO CORRESPONDE,0,0
SANTIAGO DE SURCO,PEATÓN,18,0,AUTOMÓVIL,MARTES,11,OTRO,COMERCIAL,INTERSECCIÓN,NO CORRESPONDE,1,1
EL AGUSTINO,CONDUCTOR,67,0,MOTOCICLETA,DOMINGO,23,OTRO,ESCOLAR,TRAMO RECTO,HABILITADO,1,1
PUCUSANA,PEATÓN,42,1,CAMIONETA RURAL,MIÉRCOLES,21,AVENIDA,RURAL,OTRO,HABILITADO,1,1
TANTA,NO CONDUCTOR,25,1,CAMIÓN,JUEVES,8,AVENIDA,RESIDENCIAL,TRAMO RECTO,HABILITADO,1,0
CAJATAMBO,NO CONDUCTOR,70,1,TRIMOTO PASAJERO,JUEVES,22,AVENIDA,RESIDENCIAL,INTERSECCIÓN,HABILITADO,0,1
NAVAN,NO CONDUCTOR,49,1,TRIMOTO PASAJERO,DOMINGO,14,AVENIDA,RESIDENCIAL,TRAMO RECTO,NO HABILITADO,1,1
PACHANGARA,PEATÓN,52,1,ÓMNIBUS,SÁBADO,15,OTRO,RESIDENCIAL,TRAMO RECTO,HABILITADO,0,1
SAN ISIDRO,PEATÓN,31,0,CAMIÓN,MARTES,6,OTRO,RESIDENCIAL,TRAMO RECTO,NO CORRESPONDE,0,1
SANTA CRUZ DE ANDAMARCA,PEATÓN,84,0,TRIMOTO PASAJERO,LUNES,20,CARRETERA,INDUSTRIAL,TRAMO RECTO,NO HABILITADO,0,1
CHICLA,PEATÓN,21,0,OTRO,MARTES,1,CARRETERA,ESCOLAR,INTERSECCIÓN,NO CORRESPONDE,0,1
MAGDALENA DEL MAR,CONDUCTOR,74,1,ÓMNIBUS,MIÉRCOLES,5,AVENIDA,RESIDENCIAL,OTRO,HABILITADO,0,0
PUNTA NEGRA,NO CONDUCTOR,80,1,TRIMOTO PASAJERO,LUNES,17,OTRO,INDUSTRIAL,OTRO,NO CORRESPONDE,1,1
SAN BARTOLO,NO CONDUCTOR,3,0,AUTOMÓVIL,JUEVES,23,OTRO,RESIDENCIAL,TRAMO RECTO,NO HABILITADO,1,0
MATUCANA,CONDUCTOR,25,1,TRIMOTO PASAJERO,VIERNES,21,CARRETERA,INDUSTRIAL,INTERSECCIÓN,HABILITADO,0,0
MANAS,NO CONDUCTOR,1,1,CAMIONETA RURAL,SÁBADO,21,OTRO,RURAL,OTRO,HABILITADO,1,0
PUNTA HERMOSA,NO CONDUCTOR,24,0,OTRO,MARTES,12,AVENIDA,RURAL,INTERSECCIÓN,NO CORRESPONDE,1,0
CHANCAY,CONDUCTOR,49,1,ÓMNIBUS,VIERNES,1,CARRETERA,INDUSTRIAL,OTRO,NO HABILITADO,0,1
PACHANGARA,NO CONDUCTOR,76,0,CAMIONETA RURAL,MARTES,21,AVENIDA,ESCOLAR,INTERSECCIÓN,NO CORRESPONDE,1,0
CAJATAMBO,PEATÓN,100,1,ÓMNIBUS,SÁBADO,6,AVENIDA,COMERCIAL,INTERSECCIÓN,NO HABILITADO,1,1
CHANCAY,CONDUCTOR,40,1,CAMIÓN,MIÉRCOLES,2,AVENIDA,RESIDENCIAL,OTRO,HABILITADO,0,0
PUNTA HERMOSA,PEATÓN,93,1,AUTOMÓVIL,MIÉRCOLES,22,OTRO,RESIDENCIAL,TRAMO RECTO,HABILITADO,0,1
LOS OLIVOS,CONDUCTOR,84,0,MOTOCICLETA,MARTES,6,CARRETERA,RURAL,INTERSECCIÓN,NO CORRESPONDE,1,1
VILLA EL SALVADOR,NO CONDUCTOR,99,1,ÓMNIBUS,LUNES,4,AVENIDA,ESCOLAR,OTRO,HABILITADO,0,1
SAYAN,NO CONDUCTOR,77,0,ÓMNIBUS,SÁBADO,19,OTRO,COMERCIAL,INTERSECCIÓN,NO HABILITADO,0,0
LOS OLIVOS,NO CONDUCTOR,14,0,AUTOMÓVIL,LUNES,17,OTRO,RURAL,INTERSECCIÓN,HABILITADO,1,0
INDEPENDENCIA,PEATÓN,22,0,MOTOCICLETA,VIERNES,18,CARRETERA,ESCOLAR,OTRO,NO HABILITADO,1,1
MANAS,PEATÓN,90,0,OTRO,MARTES,18,CARRETERA,COMERCIAL,INTERSECCIÓN,NO HABILITADO,0,1
VEGUETA,CONDUCTOR,32,0,AUTOMÓVIL,LUNES,23,CARRETERA,RURAL,TRAMO RECTO,NO CORRESPONDE,0,0
LURIGANCHO,NO CONDUCTOR,16,1,TRIMOTO PASAJERO,JUEVES,21,CARRETERA,RESIDENCIAL,TRAMO RECTO,NO HABILITADO,0,0
LURIGANCHO,NO CONDUCTOR,27,0,CAMIONETA RURAL,MARTES,1,OTRO,COMERCIAL,TRAMO RECTO,HABILITADO,1,0
LIMA,CONDUCTOR,64,0,ÓMNIBUS,MARTES,10,AVENIDA,RURAL,OTRO,NO CORRESPONDE,0,0
SAN ANTONIO,CONDUCTOR,16,0,CAMIÓN,VIERNES,9,CARRETERA,RESIDENCIAL,OTRO,HABILITADO,0,0
EL AGUSTINO,NO CONDUCTOR,75,1,CAMIÓN,VIERNES,23,CARRETERA,RESIDENCIAL,INTERSECCIÓN,NO CORRESPONDE,1,0
SAN LUIS,PEATÓN,47,1,OTRO,MARTES,15,CARRETERA,INDUSTRIAL,TRAMO RECTO,HABILITADO,0,1
SANTA ROSA,NO CONDUCTOR,97,0,OTRO,SÁBADO,7,CARRETERA,COMERCIAL,INTERSECCIÓN,NO HABILITADO,0,1
MIRAFLORES,CONDUCTOR,51,0,MOTOCICLETA,MARTES,3,OTRO,RESIDENCIAL,INTERSECCIÓN,NO HABILITADO,1,1
MIRAFLORES,PEATÓN,4,0,CAMIONETA RURAL,DOMINGO,22,OTRO,COMERCIAL,OTRO,HABILITADO,1,1
CHILCA,PEATÓN,69,1,AUTOMÓVIL,SÁBADO,10,AVENIDA,COMERCIAL,TRAMO RECTO,HABILITADO,0,1
LINCE,CONDUCTOR,20,0,ÓMNIBUS,JUEVES,4,CARRETERA,RESIDENCIAL,INTERSECCIÓN,HABILITADO,0,0
MALA,NO CONDUCTOR,85,1,ÓMNIBUS,JUEVES,10,CARRETERA,INDUSTRIAL,OTRO,HABILITADO,1,0
PUNTA HERMOSA,CONDUCTOR,99,1,OTRO,SÁBADO,16,AVENIDA,COMERCIAL,OTRO,NO HABILITADO,0,1
SAYAN,NO CONDUCTOR,15,1,MOTOCICLETA,VIERNES,18,CARRETERA,RESIDENCIAL,OTRO,NO HABILITADO,1,1
PUCUSANA,PEATÓN,87,1,MOTOCICLETA,MARTES,18,CARRETERA,ESCOLAR,OTRO,HABILITADO,0,1
ANCON,PEATÓN,38,1,AUTOMÓVIL,SÁBADO,6,OTRO,RURAL,OTRO,NO CORRESPONDE,0,1
PARAMONGA,NO CONDUCTOR,49,0,CAMIONETA RURAL,JUEVES,12,AVENIDA,INDUSTRIAL,TRAMO RECTO,NO CORRESPONDE,0,0
HUARAL,PEATÓN,100,0,TRIMOTO PASAJERO,SÁBADO,1,CARRETERA,ESCOLAR,TRAMO RECTO,NO CORRESPONDE,1,1
OYON,NO CONDUCTOR,87,0,CAMIÓN,MIÉRCOLES,7,AVENIDA,RURAL,INTERSECCIÓN,HABILITADO,1,1
PACHANGARA,CONDUCTOR,94,1,MOTOCICLETA,SÁBADO,20,AVENIDA,INDUSTRIAL,TRAMO RECTO,HABILITADO,0,1
HUANCAPON,CONDUCTOR,35,1,ÓMNIBUS,VIERNES,12,CARRETERA,RESIDENCIAL,INTERSECCIÓN,NO CORRESPONDE,1,0
PATIVILCA,CONDUCTOR,66,0,MOTOCICLETA,MARTES,3,CARRETERA,RURAL,OTRO,NO HABILITADO,1,1
NAVAN,PEATÓN,81,0,OTRO,MIÉRCOLES,23,AVENIDA,INDUSTRIAL,OTRO,NO HABILITADO,1,1
MATUCANA,NO CONDUCTOR,62,0,ÓMNIBUS,JUEVES,11,AVENIDA,INDUSTRIAL,INTERSECCIÓN,HABILITADO,0,0
AUCALLAMA,PEATÓN,100,0,CAMIÓN,LUNES,13,CARRETERA,INDUSTRIAL,TRAMO RECTO,HABILITADO,0,1
VEGUETA,CONDUCTOR,42,1,OTRO,JUEVES,15,CARRETERA,COMERCIAL,OTRO,HABILITADO,1,0
PACCHO,PEATÓN,95,0,AUTOMÓVIL,DOMINGO,12,AVENIDA,ESCOLAR,TRAMO RECTO,HABILITADO,0,1
VILLA EL SALVADOR,NO CONDUCTOR,47,1,CAMIONETA RURAL,MARTES,15,CARRETERA,INDUSTRIAL,TRAMO RECTO,NO CORRESPONDE,0,0
SAN BARTOLO,CONDUCTOR,11,0,ÓMNIBUS,MIÉRCOLES,22,AVENIDA,RESIDENCIAL,INTERSECCIÓN,NO CORRESPONDE,0,0
AMBAR,CONDUCTOR,85,1,CAMIÓN,MARTES,12,CARRETERA,ESCOLAR,OTRO,NO CORRESPONDE,0,0
SAN BORJA,CONDUCTOR,2,1,AUTOMÓVIL,LUNES,1,CARRETERA,RURAL,OTRO,HABILITADO,0,0
SANTA CRUZ DE ANDAMARCA,CONDUCTOR,98,0,AUTOMÓVIL,MARTES,3,OTRO,COMERCIAL,OTRO,NO HABILITADO,0,1
VILLA MARIA DEL TRIUNFO,CONDUCTOR,94,1,CAMIONETA RURAL,MIÉRCOLES,23,AVENIDA,INDUSTRIAL,TRAMO RECTO,NO HABILITADO,1,0
CIENEGUILLA,NO CONDUCTOR,51,1,CAMIONETA RURAL,LUNES,20,AVENIDA,RESIDENCIAL,TRAMO RECTO,NO HABILITADO,1,0
SAYAN,CONDUCTOR,72,0,TRIMOTO PASAJERO,JUEVES,18,OTRO,RURAL,TRAMO RECTO,HABILITADO,1,1
HUANCAPON,CONDUCTOR,24,0,ÓMNIBUS,JUEVES,14,AVENIDA,RURAL,INTERSECCIÓN,NO HABILITADO,1,0
BARRANCA,CONDUCTOR,0,1,ÓMNIBUS,JUEVES,8,CARRETERA,INDUSTRIAL,TRAMO RECTO,HABILITADO,1,0
PUCUSANA,CONDUCTOR,29,0,OTRO,LUNES,20,OTRO,RESIDENCIAL,TRAMO RECTO,NO CORRESPONDE,1,0
RIMAC,PEATÓN,49,0,MOTOCICLETA,SÁBADO,4,AVENIDA,ESCOLAR,TRAMO RECTO,HABILITADO,0,1
PUNTA NEGRA,CONDUCTOR,84,0,ÓMNIBUS,DOMINGO,12,CARRETERA,RURAL,TRAMO RECTO,HABILITADO,0,0
CHILCA,PEATÓN,76,1,CAMIONETA RURAL,SÁBADO,9,CARRETERA,RESIDENCIAL,OTRO,NO HABILITADO,1,1
PUNTA HERMOSA,NO CONDUCTOR,57,0,TRIMOTO PASAJERO,VIERNES,11,OTRO,COMERCIAL,OTRO,NO CORRESPONDE,1,0
SAN LUIS,CONDUCTOR,6,1,TRIMOTO PASAJERO,MIÉRCOLES,7,AVENIDA,RURAL,TRAMO RECTO,NO HABILITADO,0,0
VILLA EL SALVADOR,NO CONDUCTOR,85,0,MOTOCICLETA,MIÉRCOLES,2,OTRO,RURAL,INTERSECCIÓN,HABILITADO,0,1
SUPE PUERTO,NO CONDUCTOR,70,1,TRIMOTO PASAJERO,MARTES,22,CARRETERA,RESIDENCIAL,TRAMO RECTO,NO HABILITADO,1,1
MANAS,NO CONDUCTOR,48,0,TRIMOTO PASAJERO,JUEVES,3,AVENIDA,COMERCIAL,TRAMO RECTO,HABILITADO,0,0
VILLA EL SALVADOR,CONDUCTOR,11,0,CAMIONETA RURAL,MIÉRCOLES,13,CARRETERA,ESCOLAR,OTRO,NO CORRESPONDE,0,0
SANTA ANITA,NO CONDUCTOR,69,1,ÓMNIBUS,MARTES,12,AVENIDA,INDUSTRIAL,INTERSECCIÓN,NO CORRESPONDE,0,0
ATAVILLOS ALTO,PEATÓN,24,1,OTRO,MIÉRCOLES,8,CARRETERA,RURAL,TRAMO RECTO,NO CORRESPONDE,1,1
CHILCA,PEATÓN,81,0,CAMIÓN,MARTES,10,CARRETERA,ESCOLAR,TRAMO RECTO,HABILITADO,0,1
VILLA MARIA DEL TRIUNFO,CONDUCTOR,66,1,ÓMNIBUS,JUEVES,5,CARRETERA,RESIDENCIAL,TRAMO RECTO,NO HABILITADO,0,0
NAVAN,PEATÓN,80,1,CAMIÓN,JUEVES,5,OTRO,COMERCIAL,INTERSECCIÓN,HABILITADO,0,1
LOS OLIVOS,CONDUCTOR,18,0,MOTOCICLETA,LUNES,7,CARRETERA,ESCOLAR,TRAMO RECTO,HABILITADO,1,1
EL AGUSTINO,PEATÓN,41,1,AUTOMÓVIL,SÁBADO,13,AVENIDA,INDUSTRIAL,TRAMO RECTO,NO CORRESPONDE,1,1
PUEBLO LIBRE,PEATÓN,26,0,OTRO,DOMINGO,8,CARRETERA,RESIDENCIAL,TRAMO RECTO,NO CORRESPONDE,1,1
VILLA EL SALVADOR,NO CONDUCTOR,2,1,ÓMNIBUS,SÁBADO,18,OTRO,RURAL,OTRO,NO CORRESPONDE,1,0
HUARAL,NO CONDUCTOR,57,1,AUTOMÓVIL,MARTES,2,AVENIDA,COMERCIAL,TRAMO RECTO,NO HABILITADO,1,0
VILLA MARIA DEL TRIUNFO,CONDUCTOR,24,1,MOTOCICLETA,MIÉRCOLES,16,OTRO,ESCOLAR,INTERSECCIÓN,NO HABILITADO,1,0
CHECRAS,NO CONDUCTOR,5,0,CAMIONETA RURAL,VIERNES,22,CARRETERA,RURAL,INTERSECCIÓN,NO CORRESPONDE,0,0
BARRANCA,NO CONDUCTOR,57,1,ÓMNIBUS,LUNES,4,CARRETERA,ESCOLAR,OTRO,NO HABILITADO,0,1
LINCE,NO CONDUCTOR,68,0,CAMIÓN,LUNES,10,CARRETERA,COMERCIAL,OTRO,NO HABILITADO,0,0
HUAURA,NO CONDUCTOR,10,1,CAMIONETA RURAL,VIERNES,23,OTRO,COMERCIAL,OTRO,NO CORRESPONDE,1,0
CARABAYLLO,PEATÓN,83,1,TRIMOTO PASAJERO,JUEVES,13,CARRETERA,RESIDENCIAL,INTERSECCIÓN,HABILITADO,1,1
CARABAYLLO,CONDUCTOR,66,1,MOTOCICLETA,VIERNES,13,CARRETERA,ESCOLAR,TRAMO RECTO,HABILITADO,1,1
CIENEGUILLA,CONDUCTOR,24,1,AUTOMÓVIL,DOMINGO,22,CARRETERA,RESIDENCIAL,INTERSECCIÓN,NO HABILITADO,1,0
LURIGANCHO,NO CONDUCTOR,57,1,TRIMOTO PASAJERO,LUNES,21,AVENIDA,INDUSTRIAL,INTERSECCIÓN,HABILITADO,1,1
OYON,NO CONDUCTOR,100,0,AUTOMÓVIL,JUEVES,10,CARRETERA,RESIDENCIAL,TRAMO RECTO,NO HABILITADO,0,1
LURIN,CONDUCTOR,69,0,CAMIONETA RURAL,JUEVES,4,OTRO,ESCOLAR,TRAMO RECTO,NO CORRESPONDE,1,0
SUPE PUERTO,CONDUCTOR,94,0,OTRO,VIERNES,14,AVENIDA,RURAL,TRAMO RECTO,HABILITADO,0,1
BARRANCO,CONDUCTOR,10,1,ÓMNIBUS,SÁBADO,10,CARRETERA,INDUSTRIAL,OTRO,HABILITADO,0,0
MALA,CONDUCTOR,74,1,TRIMOTO PASAJERO,VIERNES,22,OTRO,RESIDENCIAL,OTRO,NO CORRESPONDE,0,1
HUAURA,PEATÓN,1,0,CAMIONETA RURAL,MIÉRCOLES,6,CARRETERA,COMERCIAL,TRAMO RECTO,NO CORRESPONDE,1,1
LA VICTORIA,PEATÓN,14,0,AUTOMÓVIL,DOMINGO,5,AVENIDA,COMERCIAL,OTRO,HABILITADO,0,1
CIENEGUILLA,CONDUCTOR,86,0,TRIMOTO PASAJERO,VIERNES,17,CARRETERA,COMERCIAL,TRAMO RECTO,NO HABILITADO,1,1
ANCON,CONDUCTOR,90,1,CAMIONETA RURAL,MIÉRCOLES,9,CARRETERA,RURAL,TRAMO RECTO,NO HABILITADO,1,0
SAN BARTOLO,PEATÓN,84,1,ÓMNIBUS,VIERNES,11,CARRETERA,COMERCIAL,OTRO,NO HABILITADO,1,1
LOS OLIVOS,CONDUCTOR,74,1,ÓMNIBUS,MARTES,9,OTRO,RESIDENCIAL,TRAMO RECTO,NO CORRESPONDE,1,0
SAN JUAN DE LURIGANCHO,NO CONDUCTOR,93,0,CAMIÓN,MARTES,8,AVENIDA,ESCOLAR,OTRO,NO CORRESPONDE,0,0
SANTA ROSA,CONDUCTOR,42,1,CAMIONETA RURAL,SÁBADO,4,OTRO,ESCOLAR,TRAMO RECTO,NO HABILITADO,0,0
HUALMAY,CONDUCTOR,86,0,CAMIONETA RURAL,MARTES,18,CARRETERA,COMERCIAL,INTERSECCIÓN,HABILITADO,0,0
CHICLA,PEATÓN,73,0,CAMIÓN,VIERNES,15,CARRETERA,COMERCIAL,OTRO,HABILITADO,1,1
AMBAR,NO CONDUCTOR,99,0,MOTOCICLETA,JUEVES,4,OTRO,COMERCIAL,TRAMO RECTO,HABILITADO,1,1
VILLA MARIA DEL TRIUNFO,PEATÓN,16,1,ÓMNIBUS,LUNES,20,OTRO,ESCOLAR,TRAMO RECTO,HABILITADO,1,1
LURIGANCHO,PEATÓN,22,0,MOTOCICLETA,VIERNES,20,OTRO,ESCOLAR,OTRO,NO HABILITADO,1,1
SAYAN,CONDUCTOR,66,0,CAMIÓN,SÁBADO,19,OTRO,ESCOLAR,INTERSECCIÓN,NO CORRESPONDE,0,0
SANTA ROSA,NO CONDUCTOR,20,0,AUTOMÓVIL,VIERNES,15,AVENIDA,COMERCIAL,TRAMO RECTO,NO CORRESPONDE,0,0
PUNTA HERMOSA,NO CONDUCTOR,44,0,MOTOCICLETA,LUNES,13,AVENIDA,RURAL,TRAMO RECTO,NO HABILITADO,1,1
SANTA ROSA,PEATÓN,65,0,CAMIONETA RURAL,JUEVES,15,CARRETERA,RURAL,INTERSECCIÓN,NO HABILITADO,0,1
CHECRAS,CONDUCTOR,81,1,CAMIONETA RURAL,LUNES,23,CARRETERA,RESIDENCIAL,OTRO,NO CORRESPONDE,0,0
CHICLA,PEATÓN,22,1,AUTOMÓVIL,JUEVES,7,AVENIDA,RESIDENCIAL,INTERSECCIÓN,NO CORRESPONDE,0,1
CIENEGUILLA,NO CONDUCTOR,75,1,TRIMOTO PASAJERO,VIERNES,3,AVENIDA,INDUSTRIAL,TRAMO RECTO,NO CORRESPONDE,0,1
SAN ISIDRO,PEATÓN,1,1,CAMIONETA RURAL,DOMINGO,23,OTRO,RURAL,OTRO,HABILITADO,0,1
JESUS MARIA,PEATÓN,23,1,CAMIONETA RURAL,LUNES,16,AVENIDA,RURAL,TRAMO RECTO,NO CORRESPONDE,1,1
CARABAYLLO,PEATÓN,35,0,CAMIÓN,JUEVES,16,CARRETERA,RESIDENCIAL,TRAMO RECTO,HABILITADO,1,1
VEGUETA,PEATÓN,80,0,CAMIÓN,MIÉRCOLES,5,AVENIDA,COMERCIAL,INTERSECCIÓN,NO CORRESPONDE,1,1
SAN MATEO,CONDUCTOR,41,0,CAMIONETA RURAL,DOMINGO,8,AVENIDA,COMERCIAL,TRAMO RECTO,HABILITADO,1,0
LINCE,NO CONDUCTOR,100,0,OTRO,JUEVES,15,AVENIDA,COMERCIAL,OTRO,HABILITADO,0,1
SANTA MARIA,PEATÓN,26,0,OTRO,DOMINGO,15,CARRETERA,RESIDENCIAL,TRAMO RECTO,HABILITADO,0,1
SAN JUAN DE LURIGANCHO,CONDUCTOR,18,0,ÓMNIBUS,MARTES,10,AVENIDA,RESIDENCIAL,OTRO,HABILITADO,0,0
SAN MIGUEL,NO CONDUCTOR,93,0,AUTOMÓVIL,LUNES,10,AVENIDA,RESIDENCIAL,OTRO,HABILITADO,1,1
TANTA,PEATÓN,87,1,TRIMOTO PASAJERO,MIÉRCOLES,20,CARRETERA,COMERCIAL,INTERSECCIÓN,NO HABILITADO,0,1
LA MOLINA,CONDUCTOR,39,1,CAMIONETA RURAL,VIERNES,8,AVENIDA,RURAL,TRAMO RECTO,NO CORRESPONDE,0,0
CHILCA,CONDUCTOR,99,1,CAMIÓN,JUEVES,23,AVENIDA,RURAL,INTERSECCIÓN,NO HABILITADO,0,0
PACHANGARA,PEATÓN,25,0,TRIMOTO PASAJERO,SÁBADO,23,OTRO,INDUSTRIAL,TRAMO RECTO,NO HABILITADO,0,1
VILLA MARIA DEL TRIUNFO,NO CONDUCTOR,71,0,CAMIÓN,JUEVES,19,CARRETERA,INDUSTRIAL,TRAMO RECTO,HABILITADO,0,0
BARRANCO,PEATÓN,78,0,OTRO,SÁBADO,4,CARRETERA,ESCOLAR,OTRO,NO CORRESPONDE,1,1
INDEPENDENCIA,NO CONDUCTOR,69,1,CAMIONETA RURAL,DOMINGO,1,AVENIDA,RURAL,INTERSECCIÓN,NO HABILITADO,1,0
LINCE,PEATÓN,91,1,CAMIONETA RURAL,SÁBADO,11,OTRO,INDUSTRIAL,OTRO,NO HABILITADO,0,1
CHACLACAYO,CONDUCTOR,41,1,CAMIÓN,JUEVES,6,AVENIDA,RESIDENCIAL,INTERSECCIÓN,NO CORRESPONDE,1,0
SUPE,PEATÓN,10,1,OTRO,VIERNES,3,OTRO,RESIDENCIAL,TRAMO RECTO,HABILITADO,1,1
CHILCA,NO CONDUCTOR,38,0,CAMIONETA RURAL,JUEVES,2,OTRO,COMERCIAL,OTRO,NO CORRESPONDE,0,0
CHILCA,NO CONDUCTOR,35,0,CAMIONETA RURAL,DOMINGO,11,AVENIDA,RESIDENCIAL,TRAMO RECTO,NO CORRESPONDE,1,0
CARABAYLLO,CONDUCTOR,1,1,TRIMOTO PASAJERO,JUEVES,4,CARRETERA,ESCOLAR,OTRO,HABILITADO,0,1
SAN MIGUEL,NO CONDUCTOR,59,0,AUTOMÓVIL,LUNES,22,CARRETERA,RESIDENCIAL,INTERSECCIÓN,HABILITADO,1,0
INDEPENDENCIA,PEATÓN,47,0,OTRO,MIÉRCOLES,21,CARRETERA,COMERCIAL,INTERSECCIÓN,NO HABILITADO,0,1
CIENEGUILLA,NO CONDUCTOR,27,1,CAMIONETA RURAL,LUNES,21,AVENIDA,RURAL,INTERSECCIÓN,HABILITADO,0,0
VILLA EL SALVADOR,PEATÓN,82,0,ÓMNIBUS,VIERNES,14,AVENIDA,RESIDENCIAL,TRAMO RECTO,HABILITADO,1,1
MIRAFLORES,CONDUCTOR,85,0,AUTOMÓVIL,JUEVES,2,OTRO,INDUSTRIAL,TRAMO RECTO,HABILITADO,1,1
INDEPENDENCIA,NO CONDUCTOR,57,0,CAMIONETA RURAL,JUEVES,11,CARRETERA,INDUSTRIAL,TRAMO RECTO,NO HABILITADO,0,0
LURIGANCHO,PEATÓN,11,1,TRIMOTO PASAJERO,SÁBADO,8,AVENIDA,RESIDENCIAL,INTERSECCIÓN,NO CORRESPONDE,0,1
CARABAYLLO,NO CONDUCTOR,65,1,OTRO,MIÉRCOLES,4,OTRO,ESCOLAR,INTERSECCIÓN,HABILITADO,0,1
LIMA,CONDUCTOR,30,1,OTRO,VIERNES,22,AVENIDA,INDUSTRIAL,INTERSECCIÓN,NO CORRESPONDE,0,0
PUCUSANA,CONDUCTOR,15,1,CAMIÓN,DOMINGO,20,AVENIDA,COMERCIAL,TRAMO RECTO,HABILITADO,0,0
LURIGANCHO,NO CONDUCTOR,60,0,AUTOMÓVIL,JUEVES,19,CARRETERA,RURAL,OTRO,NO CORRESPONDE,0,0
LA VICTORIA,NO CONDUCTOR,28,1,TRIMOTO PASAJERO,DOMINGO,14,AVENIDA,RESIDENCIAL,INTERSECCIÓN,NO CORRESPONDE,1,0
SAN BORJA,NO CONDUCTOR,18,1,MOTOCICLETA,MARTES,10,OTRO,COMERCIAL,INTERSECCIÓN,NO HABILITADO,0,0
SANTA MARIA,PEATÓN,38,1,OTRO,VIERNES,13,OTRO,RESIDENCIAL,OTRO,HABILITADO,0,1
RIMAC,CONDUCTOR,26,1,TRIMOTO PASAJERO,SÁBADO,11,CARRETERA,RESIDENCIAL,OTRO,HABILITADO,1,1
SUPE,CONDUCTOR,4,1,OTRO,DOMINGO,8,AVENIDA,INDUSTRIAL,INTERSECCIÓN,NO HABILITADO,1,0
AUCALLAMA,CONDUCTOR,72,0,ÓMNIBUS,LUNES,21,OTRO,COMERCIAL,OTRO,NO HABILITADO,0,0
LURIN,NO CONDUCTOR,38,1,OTRO,DOMINGO,8,AVENIDA,RURAL,INTERSECCIÓN,NO CORRESPONDE,0,0
RIMAC,CONDUCTOR,42,1,CAMIÓN,JUEVES,12,AVENIDA,RESIDENCIAL,INTERSECCIÓN,NO CORRESPONDE,1,0
VILLA MARIA DEL TRIUNFO,CONDUCTOR,47,1,TRIMOTO PASAJERO,VIERNES,21,AVENIDA,COMERCIAL,TRAMO RECTO,HABILITADO,0,1
PUEBLO LIBRE,PEATÓN,20,0,AUTOMÓVIL,DOMINGO,4,AVENIDA,INDUSTRIAL,OTRO,NO CORRESPONDE,1,1
SAN MIGUEL,NO CONDUCTOR,29,0,CAMIÓN,VIERNES,21,AVENIDA,ESCOLAR,INTERSECCIÓN,HABILITADO,0,1
LIMA,PEATÓN,30,1,MOTOCICLETA,VIERNES,10,AVENIDA,COMERCIAL,TRAMO RECTO,NO CORRESPONDE,0,1
SAN ANTONIO,CONDUCTOR,2,0,TRIMOTO PASAJERO,SÁBADO,2,OTRO,COMERCIAL,OTRO,NO CORRESPONDE,1,0
CHICLA,PEATÓN,1,1,OTRO,JUEVES,9,AVENIDA,RURAL,INTERSECCIÓN,HABILITADO,1,1
CHICLA,NO CONDUCTOR,3,1,AUTOMÓVIL,SÁBADO,17,AVENIDA,RESIDENCIAL,TRAMO RECTO,NO CORRESPONDE,1,0
SANTA ROSA,PEATÓN,95,0,MOTOCICLETA,LUNES,22,AVENIDA,ESCOLAR,TRAMO RECTO,NO CORRESPONDE,0,1
HUANCAPON,NO CONDUCTOR,38,0,AUTOMÓVIL,LUNES,22,AVENIDA,COMERCIAL,TRAMO RECTO,NO CORRESPONDE,1,0
PACHANGARA,NO CONDUCTOR,95,1,TRIMOTO PASAJERO,MARTES,3,CARRETERA,RURAL,TRAMO RECTO,NO CORRESPONDE,0,1
SAN BARTOLO,CONDUCTOR,34,0,TRIMOTO PASAJERO,MIÉRCOLES,16,AVENIDA,RESIDENCIAL,OTRO,HABILITADO,1,0
PACHANGARA,CONDUCTOR,11,0,CAMIONETA RURAL,MARTES,21,CARRETERA,RURAL,INTERSECCIÓN,NO CORRESPONDE,1,0
BARRANCA,PEATÓN,52,1,CAMIONETA RURAL,VIERNES,1,OTRO,COMERCIAL,INTERSECCIÓN,NO CORRESPONDE,0,1
RICARDO PALMA,PEATÓN,24,0,CAMIÓN,VIERNES,1,AVENIDA,RURAL,TRAMO RECTO,HABILITADO,0,1
SAYAN,CONDUCTOR,25,1,CAMIONETA RURAL,MIÉRCOLES,17,OTRO,RESIDENCIAL,OTRO,HABILITADO,1,0
VILLA EL SALVADOR,CONDUCTOR,30,0,CAMIONETA RURAL,DOMINGO,8,OTRO,COMERCIAL,INTERSECCIÓN,NO CORRESPONDE,0,0
HUAURA,NO CONDUCTOR,89,1,ÓMNIBUS,SÁBADO,16,OTRO,ESCOLAR,TRAMO RECTO,NO CORRESPONDE,0,0
SUPE PUERTO,CONDUCTOR,22,0,MOTOCICLETA,SÁBADO,21,AVENIDA,RURAL,TRAMO RECTO,HABILITADO,1,1
PUENTE PIEDRA,CONDUCTOR,51,0,CAMIONETA RURAL,JUEVES,15,AVENIDA,RURAL,INTERSECCIÓN,NO HABILITADO,0,0
PACCHO,CONDUCTOR,72,0,OTRO,JUEVES,12,AVENIDA,COMERCIAL,OTRO,NO CORRESPONDE,0,1
MANAS,NO CONDUCTOR,78,0,CAMIONETA RURAL,DOMINGO,21,CARRETERA,ESCOLAR,TRAMO RECTO,NO HABILITADO,1,0
MATUCANA,PEATÓN,55,0,CAMIÓN,MIÉRCOLES,13,OTRO,RURAL,INTERSECCIÓN,NO CORRESPONDE,0,1
SAN ANTONIO,PEATÓN,76,0,MOTOCICLETA,JUEVES,22,OTRO,ESCOLAR,TRAMO RECTO,HABILITADO,1,1
SAN BARTOLO,NO CONDUCTOR,58,0,MOTOCICLETA,MARTES,20,CARRETERA,RESIDENCIAL,INTERSECCIÓN,NO HABILITADO,1,1
MATUCANA,CONDUCTOR,86,0,AUTOMÓVIL,MIÉRCOLES,12,CARRETERA,INDUSTRIAL,OTRO,NO HABILITADO,0,1
LA MOLINA,PEATÓN,12,1,AUTOMÓVIL,MARTES,11,OTRO,RURAL,OTRO,NO CORRESPONDE,0,1
MATUCANA,NO CONDUCTOR,8,0,AUTOMÓVIL,DOMINGO,2,AVENIDA,COMERCIAL,OTRO,HABILITADO,1,0
ATAVILLOS ALTO,NO CONDUCTOR,61,1,MOTOCICLETA,LUNES,3,OTRO,INDUSTRIAL,OTRO,NO CORRESPONDE,0,1
INDEPENDENCIA,CONDUCTOR,37,0,CAMIONETA RURAL,VIERNES,23,CARRETERA,RURAL,OTRO,NO CORRESPONDE,0,0
RICARDO PALMA,PEATÓN,22,1,CAMIONETA RURAL,VIERNES,15,OTRO,RURAL,OTRO,HABILITADO,0,1
CHICLA,CONDUCTOR,26,0,TRIMOTO PASAJERO,MIÉRCOLES,2,OTRO,INDUSTRIAL,TRAMO RECTO,NO HABILITADO,0,1
TANTA,PEATÓN,7,1,ÓMNIBUS,LUNES,2,CARRETERA,COMERCIAL,TRAMO RECTO,NO CORRESPONDE,1,1
MALA,NO CONDUCTOR,12,1,ÓMNIBUS,MARTES,15,OTRO,COMERCIAL,OTRO,HABILITADO,0,0
VEGUETA,PEATÓN,83,0,CAMIÓN,SÁBADO,18,CARRETERA,ESCOLAR,INTERSECCIÓN,NO HABILITADO,0,1
LURIGANCHO,PEATÓN,6,1,CAMIONETA RURAL,VIERNES,22,AVENIDA,RESIDENCIAL,OTRO,NO CORRESPONDE,0,1
ANCON,CONDUCTOR,17,1,OTRO,JUEVES,3,OTRO,INDUSTRIAL,INTERSECCIÓN,NO HABILITADO,1,0
VILLA EL SALVADOR,CONDUCTOR,6,0,TRIMOTO PASAJERO,DOMINGO,23,AVENIDA,COMERCIAL,OTRO,NO HABILITADO,0,0
BREÑA,NO CONDUCTOR,61,1,ÓMNIBUS,DOMINGO,20,OTRO,INDUSTRIAL,OTRO,HABILITADO,1,0
SANTA MARIA,NO CONDUCTOR,28,0,AUTOMÓVIL,MIÉRCOLES,18,AVENIDA,INDUSTRIAL,OTRO,NO HABILITADO,0,1
TANTA,NO CONDUCTOR,95,0,CAMIONETA RURAL,MARTES,5,CARRETERA,COMERCIAL,TRAMO RECTO,NO CORRESPONDE,0,1
TANTA,NO CONDUCTOR,94,1,AUTOMÓVIL,MARTES,16,OTRO,RURAL,INTERSECCIÓN,NO CORRESPONDE,1,1
AUCALLAMA,PEATÓN,34,0,CAMIONETA RURAL,LUNES,14,AVENIDA,ESCOLAR,TRAMO RECTO,HABILITADO,0,1
JESUS MARIA,NO CONDUCTOR,43,0,AUTOMÓVIL,VIERNES,10,CARRETERA,RESIDENCIAL,INTERSECCIÓN,NO HABILITADO,0,0
CHECRAS,CONDUCTOR,63,1,CAMIONETA RURAL,VIERNES,8,OTRO,ESCOLAR,INTERSECCIÓN,NO HABILITADO,0,0
LOS OLIVOS,CONDUCTOR,8,0,CAMIONETA RURAL,MARTES,11,CARRETERA,RURAL,OTRO,HABILITADO,1,0
MIRAFLORES,NO CONDUCTOR,78,1,ÓMNIBUS,MIÉRCOLES,18,CARRETERA,COMERCIAL,TRAMO RECTO,NO HABILITADO,0,0
CHICLA,NO CONDUCTOR,29,0,AUTOMÓVIL,LUNES,2,OTRO,INDUSTRIAL,TRAMO RECTO,NO CORRESPONDE,1,0
SAN LUIS,PEATÓN,15,0,CAMIONETA RURAL,MARTES,11,CARRETERA,RURAL,TRAMO RECTO,NO HABILITADO,0,1
SAN MIGUEL,PEATÓN,15,0,MOTOCICLETA,MIÉRCOLES,20,OTRO,INDUSTRIAL,OTRO,NO HABILITADO,0,1
CARABAYLLO,PEATÓN,2,1,TRIMOTO PASAJERO,MARTES,1,OTRO,RURAL,INTERSECCIÓN,NO CORRESPONDE,1,1
OYON,PEATÓN,75,1,TRIMOTO PASAJERO,SÁBADO,9,OTRO,INDUSTRIAL,INTERSECCIÓN,NO HABILITADO,0,1
LA VICTORIA,NO CONDUCTOR,20,0,CAMIONETA RURAL,JUEVES,18,CARRETERA,RURAL,OTRO,NO HABILITADO,0,0
SANTA MARIA,CONDUCTOR,71,1,AUTOMÓVIL,JUEVES,17,OTRO,INDUSTRIAL,OTRO,NO CORRESPONDE,0,0
BREÑA,PEATÓN,30,0,ÓMNIBUS,JUEVES,7,OTRO,RESIDENCIAL,INTERSECCIÓN,HABILITADO,1,1
SANTA ANITA,NO CONDUCTOR,72,1,TRIMOTO PASAJERO,MIÉRCOLES,23,CARRETERA,RURAL,INTERSECCIÓN,NO CORRESPONDE,0,1
PUEBLO LIBRE,PEATÓN,21,0,OTRO,MARTES,8,AVENIDA,ESCOLAR,TRAMO RECTO,NO HABILITADO,0,1
TANTA,CONDUCTOR,23,1,TRIMOTO PASAJERO,DOMINGO,21,AVENIDA,COMERCIAL,INTERSECCIÓN,NO HABILITADO,1,0
TANTA,NO CONDUCTOR,31,1,OTRO,MIÉRCOLES,10,OTRO,ESCOLAR,OTRO,HABILITADO,0,0
AMBAR,NO CONDUCTOR,13,1,ÓMNIBUS,LUNES,5,OTRO,RESIDENCIAL,OTRO,HABILITADO,1,0
CHICLA,PEATÓN,41,1,AUTOMÓVIL,MIÉRCOLES,17,OTRO,RURAL,TRAMO RECTO,NO HABILITADO,1,1
SAN JUAN DE LURIGANCHO,NO CONDUCTOR,25,1,CAMIONETA RURAL,JUEVES,3,AVENIDA,ESCOLAR,INTERSECCIÓN,NO CORRESPONDE,1,0
BARRANCO,CONDUCTOR,45,0,AUTOMÓVIL,DOMINGO,16,OTRO,COMERCIAL,OTRO,HABILITADO,1,0
SAN ANTONIO,PEATÓN,31,0,OTRO,LUNES,19,OTRO,RURAL,OTRO,NO CORRESPONDE,0,1
SAN VICENTE DE CAÑETE,PEATÓN,19,0,TRIMOTO PASAJERO,MARTES,17,AVENIDA,RURAL,OTRO,HABILITADO,0,1
SURQUILLO,CONDUCTOR,1,1,CAMIONETA RURAL,MARTES,5,CARRETERA,RESIDENCIAL,TRAMO RECTO,HABILITADO,1,0
CHICLA,PEATÓN,80,0,AUTOMÓVIL,JUEVES,20,OTRO,ESCOLAR,OTRO,HABILITADO,0,1
LURIN,PEATÓN,18,0,AUTOMÓVIL,MIÉRCOLES,22,CARRETERA,INDUSTRIAL,OTRO,NO HABILITADO,0,1
CHICLA,NO CONDUCTOR,45,0,TRIMOTO PASAJERO,VIERNES,2,CARRETERA,COMERCIAL,INTERSECCIÓN,HABILITADO,1,1
INDEPENDENCIA,CONDUCTOR,68,1,OTRO,JUEVES,21,CARRETERA,RURAL,TRAMO RECTO,NO HABILITADO,1,0
SAYAN,PEATÓN,42,0,CAMIÓN,SÁBADO,5,OTRO,RESIDENCIAL,OTRO,NO HABILITADO,0,1
PUNTA NEGRA,NO CONDUCTOR,37,1,CAMIÓN,MIÉRCOLES,15,AVENIDA,INDUSTRIAL,INTERSECCIÓN,NO CORRESPONDE,1,0
LURIGANCHO,CONDUCTOR,77,1,TRIMOTO PASAJERO,MARTES,11,CARRETERA,INDUSTRIAL,OTRO,HABILITADO,0,1
SANTIAGO DE SURCO,PEATÓN,61,0,AUTOMÓVIL,MIÉRCOLES,8,CARRETERA,INDUSTRIAL,OTRO,HABILITADO,1,1
SURQUILLO,PEATÓN,60,1,TRIMOTO PASAJERO,SÁBADO,17,OTRO,RURAL,INTERSECCIÓN,HABILITADO,0,0
LURIGANCHO,NO CONDUCTOR,89,1,OTRO,LUNES,16,AVENIDA,INDUSTRIAL,INTERSECCIÓN,HABILITADO,0,1
ATE,PEATÓN,99,1,AUTOMÓVIL,LUNES,2,CARRETERA,RURAL,OTRO,HABILITADO,0,1
PUEBLO LIBRE,NO CONDUCTOR,81,1,AUTOMÓVIL,JUEVES,11,OTRO,COMERCIAL,INTERSECCIÓN,NO CORRESPONDE,0,1
HUARAL,PEATÓN,78,0,AUTOMÓVIL,MIÉRCOLES,8,AVENIDA,RURAL,TRAMO RECTO,NO CORRESPONDE,0,1
SAN JUAN DE LURIGANCHO,CONDUCTOR,57,1,CAMIONETA RURAL,JUEVES,16,AVENIDA,INDUSTRIAL,INTERSECCIÓN,NO CORRESPONDE,0,0
LIMA,CONDUCTOR,72,0,TRIMOTO PASAJERO,LUNES,17,CARRETERA,RESIDENCIAL,INTERSECCIÓN,NO HABILITADO,0,1
CAJATAMBO,NO CONDUCTOR,42,0,TRIMOTO PASAJERO,MIÉRCOLES,22,AVENIDA,COMERCIAL,OTRO,NO HABILITADO,1,0
LA MOLINA,PEATÓN,20,1,OTRO,MIÉRCOLES,17,AVENIDA,RESIDENCIAL,TRAMO RECTO,HABILITADO,1,1
BARRANCA,NO CONDUCTOR,73,0,AUTOMÓVIL,MIÉRCOLES,11,CARRETERA,INDUSTRIAL,TRAMO RECTO,HABILITADO,1,0
MALA,CONDUCTOR,32,0,OTRO,VIERNES,15,OTRO,RURAL,INTERSECCIÓN,NO CORRESPONDE,1,0
ATAVILLOS ALTO,CONDUCTOR,5,0,MOTOCICLETA,JUEVES,11,OTRO,RURAL,OTRO,NO HABILITADO,1,1
PUCUSANA,NO CONDUCTOR,33,0,ÓMNIBUS,LUNES,5,CARRETERA,RESIDENCIAL,OTRO,NO CORRESPONDE,1,0
LA MOLINA,NO CONDUCTOR,54,0,MOTOCICLETA,VIERNES,1,AVENIDA,RURAL,OTRO,NO CORRESPONDE,0,1
MIRAFLORES,NO CONDUCTOR,1,1,MOTOCICLETA,MIÉRCOLES,18,CARRETERA,RURAL,TRAMO RECTO,NO HABILITADO,1,1
PUNTA NEGRA,CONDUCTOR,47,1,CAMIONETA RURAL,LUNES,14,CARRETERA,ESCOLAR,INTERSECCIÓN,NO HABILITADO,0,0
PUNTA HERMOSA,NO CONDUCTOR,80,1,OTRO,MARTES,3,CARRETERA,ESCOLAR,OTRO,NO HABILITADO,1,1
SAYAN,NO CONDUCTOR,90,0,MOTOCICLETA,MARTES,22,CARRETERA,RURAL,TRAMO RECTO,NO HABILITADO,0,1
CHANCAY,NO CONDUCTOR,26,0,CAMIÓN,JUEVES,17,AVENIDA,COMERCIAL,OTRO,NO CORRESPONDE,1,0
CHANCAY,CONDUCTOR,97,0,MOTOCICLETA,SÁBADO,21,CARRETERA,INDUSTRIAL,INTERSECCIÓN,HABILITADO,0,1
CHILCA,NO CONDUCTOR,37,0,CAMIONETA RURAL,MARTES,13,AVENIDA,RESIDENCIAL,OTRO,HABILITADO,0,0
EL AGUSTINO,CONDUCTOR,28,1,OTRO,SÁBADO,18,CARRETERA,ESCOLAR,OTRO,HABILITADO,0,0
PUNTA NEGRA,NO CONDUCTOR,46,0,OTRO,SÁBADO,17,OTRO,RURAL,OTRO,NO CORRESPONDE,1,0
SANTA ROSA,CONDUCTOR,98,1,CAMIONETA RURAL,DOMINGO,5,AVENIDA,ESCOLAR,OTRO,NO HABILITADO,1,1
SUPE,NO CONDUCTOR,72,1,CAMIÓN,DOMINGO,21,CARRETERA,ESCOLAR,TRAMO RECTO,NO CORRESPONDE,0,0
CHILCA,CONDUCTOR,14,0,ÓMNIBUS,LUNES,6,AVENIDA,RESIDENCIAL,TRAMO RECTO,HABILITADO,0,0
BARRANCO,NO CONDUCTOR,35,1,AUTOMÓVIL,VIERNES,2,CARRETERA,RURAL,OTRO,NO CORRESPONDE,0,1
HUALMAY,NO CONDUCTOR,0,1,CAMIÓN,VIERNES,23,AVENIDA,COMERCIAL,OTRO,NO CORRESPONDE,1,0
LINCE,CONDUCTOR,42,1,ÓMNIBUS,DOMINGO,5,OTRO,RURAL,OTRO,NO HABILITADO,1,0
PACCHO,NO CONDUCTOR,57,1,CAMIONETA RURAL,MIÉRCOLES,10,CARRETERA,COMERCIAL,OTRO,NO HABILITADO,1,0
SAYAN,CONDUCTOR,0,0,AUTOMÓVIL,LUNES,22,OTRO,RURAL,TRAMO RECTO,NO HABILITADO,1,0
SAN JUAN DE LURIGANCHO,CONDUCTOR,45,1,MOTOCICLETA,VIERNES,12,CARRETERA,RURAL,OTRO,HABILITADO,0,1
CHACLACAYO,PEATÓN,23,0,CAMIONETA RURAL,VIERNES,2,CARRETERA,COMERCIAL,INTERSECCIÓN,NO CORRESPONDE,0,1
AUCALLAMA,NO CONDUCTOR,94,0,MOTOCICLETA,JUEVES,5,OTRO,INDUSTRIAL,INTERSECCIÓN,HABILITADO,0,1
SAN JUAN DE LURIGANCHO,CONDUCTOR,43,0,CAMIONETA RURAL,VIERNES,16,AVENIDA,COMERCIAL,TRAMO RECTO,NO HABILITADO,0,0
CHICLA,CONDUCTOR,99,0,TRIMOTO PASAJERO,JUEVES,9,AVENIDA,COMERCIAL,INTERSECCIÓN,HABILITADO,0,1
BREÑA,CONDUCTOR,9,0,TRIMOTO PASAJERO,JUEVES,14,AVENIDA,INDUSTRIAL,INTERSECCIÓN,NO CORRESPONDE,1,0
PATIVILCA,CONDUCTOR,86,1,MOTOCICLETA,SÁBADO,21,AVENIDA,RESIDENCIAL,TRAMO RECTO,NO CORRESPONDE,0,1
PACCHO,PEATÓN,80,0,AUTOMÓVIL,JUEVES,19,OTRO,COMERCIAL,TRAMO RECTO,NO CORRESPONDE,1,1
PACHACAMAC,CONDUCTOR,71,0,AUTOMÓVIL,MARTES,11,OTRO,COMERCIAL,INTERSECCIÓN,NO CORRESPONDE,0,0
SANTA CRUZ DE ANDAMARCA,PEATÓN,30,1,TRIMOTO PASAJERO,MARTES,12,CARRETERA,COMERCIAL,TRAMO RECTO,NO CORRESPONDE,0,1
SANTA MARIA,CONDUCTOR,67,0,MOTOCICLETA,MIÉRCOLES,23,AVENIDA,RURAL,TRAMO RECTO,HABILITADO,0,1
SANTA MARIA,PEATÓN,30,1,AUTOMÓVIL,DOMINGO,22,AVENIDA,ESCOLAR,INTERSECCIÓN,NO CORRESPONDE,0,1
JESUS MARIA,CONDUCTOR,69,1,AUTOMÓVIL,JUEVES,13,OTRO,RURAL,INTERSECCIÓN,HABILITADO,0,0
SAN ANTONIO,CONDUCTOR,10,1,MOTOCICLETA,DOMINGO,16,AVENIDA,COMERCIAL,TRAMO RECTO,NO CORRESPONDE,1,0
SAN BORJA,NO CONDUCTOR,58,0,AUTOMÓVIL,MIÉRCOLES,17,CARRETERA,ESCOLAR,INTERSECCIÓN,NO HABILITADO,1,0
HUALMAY,PEATÓN,33,1,CAMIÓN,MARTES,7,AVENIDA,RURAL,OTRO,NO HABILITADO,1,1
CHORRILLOS,NO CONDUCTOR,36,1,AUTOMÓVIL,JUEVES,6,OTRO,COMERCIAL,TRAMO RECTO,NO CORRESPONDE,1,0
PUNTA NEGRA,CONDUCTOR,44,0,AUTOMÓVIL,LUNES,7,CARRETERA,RESIDENCIAL,TRAMO RECTO,HABILITADO,0,0
LA MOLINA,PEATÓN,51,1,CAMIONETA RURAL,SÁBADO,3,AVENIDA,RURAL,TRAMO RECTO,NO HABILITADO,0,1
RIMAC,PEATÓN,77,1,AUTOMÓVIL,JUEVES,7,OTRO,COMERCIAL,INTERSECCIÓN,HABILITADO,1,1
CAJATAMBO,NO CONDUCTOR,71,0,TRIMOTO PASAJERO,MIÉRCOLES,7,AVENIDA,ESCOLAR,OTRO,NO CORRESPONDE,1,1
PUCUSANA,NO CONDUCTOR,13,1,CAMIÓN,MIÉRCOLES,23,AVENIDA,INDUSTRIAL,INTERSECCIÓN,HABILITADO,0,0
