DISTRITO,TIPO PERSONA,EDAD,SEXO,VEHÍCULO,DIA,HORA,TIPO DE VÍA,ZONIFICACIÓN,CARACTERÍSTICAS DE VÍA,ESTADO MODALIDAD,POSEE LICENCIA
SANTA CRUZ DE ANDAMARCA,NO CONDUCTOR,73,FEMENINO,AUTOMÓVIL,MARTES,6,AVENIDA,COMERCIAL,INTERSECCIÓN,NO CORRESPONDE,1
HUARAL,NO CONDUCTOR,95,MASCULINO,MOTOCICLETA,SÁBADO,12,AVENIDA,INDUSTRIAL,INTERSECCIÓN,NO CORRESPONDE,1
LIMA,PEATÓN,88,FEMENINO,CAMIÓN,DOMINGO,5,OTRO,INDUSTRIAL,INTERSECCIÓN,NO HABILITADO,0
CHECRAS,NO CONDUCTOR,6,MASCULINO,CAMIÓN,MARTES,19,OTRO,COMERCIAL,TRAMO RECTO,NO CORRESPONDE,1
ATAVILLOS ALTO,PEATÓN,70,FEMENINO,CAMIONETA RURAL,DOMINGO,11,AVENIDA,RURAL,OTRO,NO HABILITADO,1
SAN MIGUEL DE ACOS,CONDUCTOR,51,FEMENINO,TRIMOTO PASAJERO,SÁBADO,12,AVENIDA,COMERCIAL,OTRO,NO CORRESPONDE,1
CHECRAS,NO CONDUCTOR,50,MASCULINO,TRIMOTO PASAJERO,SÁBADO,15,OTRO,RURAL,TRAMO RECTO,HABILITADO,0
CARABAYLLO,CONDUCTOR,93,MASCULINO,CAMIONETA RURAL,SÁBADO,3,OTRO,RURAL,TRAMO RECTO,NO HABILITADO,0
PACHANGARA,NO CONDUCTOR,45,FEMENINO,AUTOMÓVIL,LUNES,20,AVENIDA,ESCOLAR,OTRO,NO CORRESPONDE,0
HUAURA,NO CONDUCTOR,84,MASCULINO,CAMIONETA RURAL,MIÉRCOLES,19,OTRO,RESIDENCIAL,INTERSECCIÓN,NO HABILITADO,1
PUNTA NEGRA,NO CONDUCTOR,89,MASCULINO,CAMIÓN,LUNES,12,OTRO,RESIDENCIAL,TRAMO RECTO,HABILITADO,1
RIMAC,CONDUCTOR,78,FEMENINO,TRIMOTO PASAJERO,MARTES,8,OTRO,RESIDENCIAL,INTERSECCIÓN,HABILITADO,1
INDEPENDENCIA,PEATÓN,62,FEMENINO,ÓMNIBUS,MIÉRCOLES,10,CARRETERA,ESCOLAR,OTRO,NO CORRESPONDE,0
SAN JUAN DE MIRAFLORES,CONDUCTOR,97,MASCULINO,MOTOCICLETA,SÁBADO,20,AVENIDA,ESCOLAR,TRAMO RECTO,NO CORRESPONDE,1
PACHANGARA,CONDUCTOR,27,MASCULINO,ÓMNIBUS,DOMINGO,4,OTRO,RESIDENCIAL,OTRO,HABILITADO,0
PACHANGARA,NO CONDUCTOR,29,FEMENINO,OTRO,LUNES,15,CARRETERA,RESIDENCIAL,OTRO,NO CORRESPONDE,0
MANAS,PEATÓN,23,FEMENINO,ÓMNIBUS,MARTES,6,CARRETERA,RESIDENCIAL,INTERSECCIÓN,NO CORRESPONDE,0
SANTA ROSA,CONDUCTOR,84,MASCULINO,MOTOCICLETA,MIÉRCOLES,5,CARRETERA,RESIDENCIAL,OTRO,NO CORRESPONDE,0
AMBAR,CONDUCTOR,55,FEMENINO,MOTOCICLETA,LUNES,3,AVENIDA,RESIDENCIAL,OTRO,HABILITADO,1
PUENTE PIEDRA,NO CONDUCTOR,52,MASCULINO,CAMIONETA RURAL,LUNES,5,AVENIDA,INDUSTRIAL,INTERSECCIÓN,NO HABILITADO,1
SUPE,NO CONDUCTOR,93,MASCULINO,TRIMOTO PASAJERO,MIÉRCOLES,18,CARRETERA,RURAL,TRAMO RECTO,NO HABILITADO,1
AUCALLAMA,NO CONDUCTOR,87,MASCULINO,OTRO,VIERNES,14,OTRO,COMERCIAL,INTERSECCIÓN,NO HABILITADO,0
CHILCA,NO CONDUCTOR,36,FEMENINO,OTRO,DOMINGO,23,AVENIDA,RURAL,OTRO,NO CORRESPONDE,0
SAN BARTOLO,PEATÓN,7,MASCULINO,TRIMOTO PASAJERO,LUNES,7,OTRO,RURAL,OTRO,NO HABILITADO,1
LOS OLIVOS,NO CONDUCTOR,78,MASCULINO,CAMIONETA RURAL,SÁBADO,15,AVENIDA,RURAL,INTERSECCIÓN,HABILITADO,1
SANTA CRUZ DE ANDAMARCA,NO CONDUCTOR,71,MASCULINO,CAMIONETA RURAL,VIERNES,15,AVENIDA,COMERCIAL,INTERSECCIÓN,HABILITADO,1
VEGUETA,NO CONDUCTOR,27,FEMENINO,AUTOMÓVIL,LUNES,4,OTRO,RESIDENCIAL,INTERSECCIÓN,NO CORRESPONDE,1
RIMAC,NO CONDUCTOR,98,FEMENINO,TRIMOTO PASAJERO,MARTES,13,CARRETERA,COMERCIAL,INTERSECCIÓN,HABILITADO,1
PUCUSANA,NO CONDUCTOR,40,MASCULINO,OTRO,VIERNES,9,CARRETERA,COMERCIAL,OTRO,HABILITADO,0
AUCALLAMA,NO CONDUCTOR,26,MASCULINO,CAMIONETA RURAL,MARTES,13,AVENIDA,INDUSTRIAL,INTERSECCIÓN,NO HABILITADO,1
RICARDO PALMA,NO CONDUCTOR,43,MASCULINO,TRIMOTO PASAJERO,SÁBADO,15,OTRO,ESCOLAR,OTRO,HABILITADO,0
VEGUETA,CONDUCTOR,57,MASCULINO,CAMIONETA RURAL,LUNES,13,AVENIDA,INDUSTRIAL,OTRO,NO HABILITADO,0
CIENEGUILLA,PEATÓN,4,MASCULINO,OTRO,LUNES,9,AVENIDA,RESIDENCIAL,INTERSECCIÓN,NO HABILITADO,0
MALA,CONDUCTOR,47,FEMENINO,ÓMNIBUS,SÁBADO,16,AVENIDA,INDUSTRIAL,INTERSECCIÓN,NO CORRESPONDE,1
SUPE PUERTO,CONDUCTOR,5,MASCULINO,MOTOCICLETA,MIÉRCOLES,2,CARRETERA,RESIDENCIAL,OTRO,NO HABILITADO,1
BARRANCA,PEATÓN,19,MASCULINO,ÓMNIBUS,JUEVES,23,AVENIDA,RESIDENCIAL,OTRO,NO HABILITADO,0
PUENTE PIEDRA,PEATÓN,36,FEMENINO,AUTOMÓVIL,LUNES,14,CARRETERA,ESCOLAR,TRAMO RECTO,HABILITADO,1
CHILCA,CONDUCTOR,18,MASCULINO,ÓMNIBUS,VIERNES,13,AVENIDA,ESCOLAR,INTERSECCIÓN,HABILITADO,1
HUANCAPON,NO CONDUCTOR,89,FEMENINO,AUTOMÓVIL,MIÉRCOLES,10,OTRO,ESCOLAR,OTRO,NO HABILITADO,0
SAYAN,NO CONDUCTOR,37,MASCULINO,CAMIÓN,DOMINGO,17,CARRETERA,ESCOLAR,INTERSECCIÓN,NO CORRESPONDE,1
SUPE,CONDUCTOR,78,MASCULINO,AUTOMÓVIL,LUNES,17,AVENIDA,ESCOLAR,OTRO,NO HABILITADO,1
SUPE PUERTO,CONDUCTOR,88,MASCULINO,AUTOMÓVIL,MARTES,9,AVENIDA,INDUSTRIAL,TRAMO RECTO,NO CORRESPONDE,1
MAGDALENA DEL MAR,PEATÓN,0,MASCULINO,ÓMNIBUS,SÁBADO,20,AVENIDA,COMERCIAL,INTERSECCIÓN,NO CORRESPONDE,0
SUPE PUERTO,CONDUCTOR,6,MASCULINO,OTRO,SÁBADO,9,AVENIDA,RESIDENCIAL,TRAMO RECTO,NO CORRESPONDE,1
CHACLACAYO,PEATÓN,73,FEMENINO,AUTOMÓVIL,DOMINGO,6,CARRETERA,INDUSTRIAL,INTERSECCIÓN,NO HABILITADO,0
PACHANGARA,CONDUCTOR,23,MASCULINO,TRIMOTO PASAJERO,VIERNES,10,OTRO,ESCOLAR,TRAMO RECTO,NO CORRESPONDE,0
JESUS MARIA,PEATÓN,48,MASCULINO,CAMIÓN,JUEVES,7,OTRO,RESIDENCIAL,TRAMO RECTO,NO HABILITADO,1
LOS OLIVOS,CONDUCTOR,77,FEMENINO,ÓMNIBUS,MARTES,10,CARRETERA,ESCOLAR,TRAMO RECTO,HABILITADO,1
LIMA,NO CONDUCTOR,62,MASCULINO,ÓMNIBUS,SÁBADO,11,OTRO,RESIDENCIAL,INTERSECCIÓN,NO HABILITADO,1
SAN LUIS,CONDUCTOR,57,MASCULINO,OTRO,MIÉRCOLES,10,OTRO,COMERCIAL,OTRO,HABILITADO,0
LOS OLIVOS,NO CONDUCTOR,96,FEMENINO,CAMIONETA RURAL,DOMINGO,13,CARRETERA,RURAL,OTRO,HABILITADO,0
ATE,CONDUCTOR,55,MASCULINO,CAMIONETA RURAL,MIÉRCOLES,11,AVENIDA,RESIDENCIAL,INTERSECCIÓN,NO HABILITADO,0
EL AGUSTINO,PEATÓN,32,MASCULINO,ÓMNIBUS,JUEVES,22,CARRETERA,RURAL,TRAMO RECTO,NO CORRESPONDE,0
SAN VICENTE DE CAÑETE,PEATÓN,38,FEMENINO,OTRO,MIÉRCOLES,17,CARRETERA,ESCOLAR,OTRO,NO HABILITADO,1
PATIVILCA,CONDUCTOR,89,MASCULINO,OTRO,JUEVES,13,CARRETERA,INDUSTRIAL,TRAMO RECTO,NO CORRESPONDE,0
BREÑA,PEATÓN,18,MASCULINO,MOTOCICLETA,MIÉRCOLES,15,OTRO,ESCOLAR,TRAMO RECTO,NO HABILITADO,0
EL AGUSTINO,PEATÓN,13,MASCULINO,OTRO,JUEVES,8,OTRO,COMERCIAL,OTRO,NO HABILITADO,1
CHECRAS,NO CONDUCTOR,82,MASCULINO,CAMIONETA RURAL,VIERNES,12,OTRO,RESIDENCIAL,INTERSECCIÓN,NO CORRESPONDE,0
HUAURA,NO CONDUCTOR,43,FEMENINO,MOTOCICLETA,DOMINGO,17,OTRO,ESCOLAR,TRAMO RECTO,HABILITADO,0
ATAVILLOS ALTO,PEATÓN,36,FEMENINO,TRIMOTO PASAJERO,JUEVES,7,AVENIDA,COMERCIAL,TRAMO RECTO,HABILITADO,1
SAN MATEO,NO CONDUCTOR,98,FEMENINO,ÓMNIBUS,DOMINGO,16,AVENIDA,INDUSTRIAL,INTERSECCIÓN,HABILITADO,0
PACHACAMAC,NO CONDUCTOR,0,FEMENINO,CAMIONETA RURAL,JUEVES,4,CARRETERA,ESCOLAR,OTRO,NO CORRESPONDE,0
LURIN,NO CONDUCTOR,22,FEMENINO,MOTOCICLETA,DOMINGO,15,OTRO,RURAL,INTERSECCIÓN,NO HABILITADO,0
PUNTA HERMOSA,CONDUCTOR,57,FEMENINO,CAMIÓN,MARTES,18,AVENIDA,INDUSTRIAL,TRAMO RECTO,HABILITADO,0
BREÑA,NO CONDUCTOR,94,FEMENINO,ÓMNIBUS,MARTES,21,OTRO,ESCOLAR,TRAMO RECTO,NO CORRESPONDE,1
SAN MIGUEL,PEATÓN,25,MASCULINO,ÓMNIBUS,SÁBADO,11,AVENIDA,ESCOLAR,INTERSECCIÓN,NO CORRESPONDE,1
LA VICTORIA,PEATÓN,85,FEMENINO,CAMIONETA RURAL,DOMINGO,21,AVENIDA,COMERCIAL,INTERSECCIÓN,NO HABILITADO,1
ATAVILLOS ALTO,NO CONDUCTOR,47,MASCULINO,MOTOCICLETA,LUNES,11,CARRETERA,RURAL,INTERSECCIÓN,HABILITADO,0
HUARAL,NO CONDUCTOR,18,FEMENINO,MOTOCICLETA,LUNES,19,OTRO,INDUSTRIAL,OTRO,NO CORRESPONDE,1
CHANCAY,PEATÓN,11,MASCULINO,CAMIÓN,JUEVES,22,OTRO,COMERCIAL,INTERSECCIÓN,HABILITADO,1
CHILCA,NO CONDUCTOR,42,FEMENINO,ÓMNIBUS,MIÉRCOLES,10,CARRETERA,RESIDENCIAL,OTRO,NO HABILITADO,0
PUENTE PIEDRA,NO CONDUCTOR,71,MASCULINO,MOTOCICLETA,LUNES,2,OTRO,ESCOLAR,TRAMO RECTO,NO CORRESPONDE,0
MIRAFLORES,NO CONDUCTOR,45,MASCULINO,CAMIONETA RURAL,MIÉRCOLES,5,CARRETERA,ESCOLAR,INTERSECCIÓN,NO HABILITADO,0
LA VICTORIA,CONDUCTOR,84,FEMENINO,CAMIÓN,JUEVES,3,AVENIDA,RURAL,INTERSECCIÓN,NO HABILITADO,1
SAN VICENTE DE CAÑETE,PEATÓN,12,FEMENINO,ÓMNIBUS,VIERNES,6,CARRETERA,INDUSTRIAL,OTRO,HABILITADO,1
PUNTA HERMOSA,CONDUCTOR,78,FEMENINO,AUTOMÓVIL,MARTES,10,CARRETERA,COMERCIAL,INTERSECCIÓN,HABILITADO,0
EL AGUSTINO,PEATÓN,3,MASCULINO,MOTOCICLETA,MARTES,20,OTRO,RESIDENCIAL,TRAMO RECTO,HABILITADO,0
PUENTE PIEDRA,NO CONDUCTOR,20,MASCULINO,CAMIONETA RURAL,VIERNES,3,AVENIDA,ESCOLAR,OTRO,NO HABILITADO,1
INDEPENDENCIA,CONDUCTOR,97,FEMENINO,MOTOCICLETA,JUEVES,8,OTRO,COMERCIAL,INTERSECCIÓN,HABILITADO,1
LINCE,PEATÓN,41,MASCULINO,AUTOMÓVIL,MIÉRCOLES,5,AVENIDA,INDUSTRIAL,INTERSECCIÓN,NO CORRESPONDE,0
SAYAN,PEATÓN,35,MASCULINO,MOTOCICLETA,MARTES,4,AVENIDA,ESCOLAR,INTERSECCIÓN,HABILITADO,1
LA VICTORIA,CONDUCTOR,58,FEMENINO,ÓMNIBUS,DOMINGO,18,CARRETERA,INDUSTRIAL,INTERSECCIÓN,NO HABILITADO,1
TANTA,NO CONDUCTOR,42,MASCULINO,CAMIONETA RURAL,SÁBADO,18,OTRO,ESCOLAR,TRAMO RECTO,NO HABILITADO,0
PUENTE PIEDRA,CONDUCTOR,59,FEMENINO,ÓMNIBUS,VIERNES,17,AVENIDA,RURAL,TRAMO RECTO,NO HABILITADO,0
SAN ANTONIO,CONDUCTOR,34,MASCULINO,CAMIONETA RURAL,SÁBADO,3,AVENIDA,ESCOLAR,TRAMO RECTO,HABILITADO,0
VILLA EL SALVADOR,CONDUCTOR,4,FEMENINO,TRIMOTO PASAJERO,SÁBADO,12,OTRO,RESIDENCIAL,TRAMO RECTO,NO HABILITADO,0
SAN ISIDRO,NO CONDUCTOR,12,MASCULINO,CAMIÓN,LUNES,17,AVENIDA,ESCOLAR,OTRO,NO HABILITADO,1
VILLA EL SALVADOR,CONDUCTOR,17,FEMENINO,TRIMOTO PASAJERO,LUNES,22,OTRO,COMERCIAL,OTRO,HABILITADO,0
PACHANGARA,CONDUCTOR,80,FEMENINO,CAMIÓN,LUNES,15,OTRO,RURAL,OTRO,NO CORRESPONDE,0
HUALMAY,CONDUCTOR,24,FEMENINO,OTRO,MARTES,10,AVENIDA,RURAL,TRAMO RECTO,HABILITADO,0
HUACHO,NO CONDUCTOR,5,FEMENINO,AUTOMÓVIL,DOMINGO,9,CARRETERA,RURAL,INTERSECCIÓN,NO CORRESPONDE,0
HUARAL,CONDUCTOR,34,MASCULINO,CAMIONETA RURAL,MARTES,22,CARRETERA,COMERCIAL,OTRO,HABILITADO,0
SUPE PUERTO,NO CONDUCTOR,10,MASCULINO,CAMIONETA RURAL,LUNES,4,AVENIDA,INDUSTRIAL,INTERSECCIÓN,NO HABILITADO,1
TANTA,PEATÓN,46,MASCULINO,TRIMOTO PASAJERO,SÁBADO,22,CARRETERA,COMERCIAL,INTERSECCIÓN,HABILITADO,0
OYON,PEATÓN,1,FEMENINO,CAMIONETA RURAL,DOMINGO,20,CARRETERA,RURAL,TRAMO RECTO,HABILITADO,1
CIENEGUILLA,NO CONDUCTOR,23,MASCULINO,CAMIÓN,SÁBADO,7,CARRETERA,ESCOLAR,INTERSECCIÓN,HABILITADO,0
CHICLA,NO CONDUCTOR,32,MASCULINO,CAMIÓN,MIÉRCOLES,5,OTRO,COMERCIAL,OTRO,NO CORRESPONDE,0
CARABAYLLO,CONDUCTOR,83,MASCULINO,TRIMOTO PASAJERO,DOMINGO,4,AVENIDA,RESIDENCIAL,TRAMO RECTO,HABILITADO,1
LURIN,CONDUCTOR,82,FEMENINO,MOTOCICLETA,LUNES,10,OTRO,ESCOLAR,OTRO,NO CORRESPONDE,0
PACCHO,NO CONDUCTOR,12,MASCULINO,OTRO,JUEVES,15,CARRETERA,RURAL,TRAMO RECTO,HABILITADO,0
OYON,CONDUCTOR,7,FEMENINO,CAMIÓN,MIÉRCOLES,1,CARRETERA,RURAL,OTRO,NO HABILITADO,1
MATUCANA,PEATÓN,64,FEMENINO,TRIMOTO PASAJERO,MIÉRCOLES,22,CARRETERA,INDUSTRIAL,INTERSECCIÓN,HABILITADO,0
SAN MIGUEL DE ACOS,CONDUCTOR,18,FEMENINO,TRIMOTO PASAJERO,MARTES,20,CARRETERA,INDUSTRIAL,INTERSECCIÓN,NO HABILITADO,1
LA VICTORIA,NO CONDUCTOR,36,MASCULINO,MOTOCICLETA,DOMINGO,20,AVENIDA,ESCOLAR,TRAMO RECTO,NO CORRESPONDE,0
SUPE PUERTO,CONDUCTOR,56,FEMENINO,CAMIONETA RURAL,VIERNES,15,CARRETERA,ESCOLAR,TRAMO RECTO,NO CORRESPONDE,0
SANTA ROSA,PEATÓN,20,FEMENINO,AUTOMÓVIL,MARTES,9,AVENIDA,COMERCIAL,OTRO,HABILITADO,1
PUNTA NEGRA,NO CONDUCTOR,47,MASCULINO,OTRO,MIÉRCOLES,14,OTRO,COMERCIAL,OTRO,HABILITADO,1
SAN ISIDRO,CONDUCTOR,83,MASCULINO,OTRO,DOMINGO,20,OTRO,RURAL,OTRO,NO CORRESPONDE,1
LIMA,CONDUCTOR,1,MASCULINO,CAMIONETA RURAL,MARTES,9,OTRO,ESCOLAR,TRAMO RECTO,NO HABILITADO,1
BARRANCO,NO CONDUCTOR,12,FEMENINO,AUTOMÓVIL,JUEVES,5,CARRETERA,RURAL,TRAMO RECTO,NO CORRESPONDE,0
PACHACAMAC,PEATÓN,45,MASCULINO,TRIMOTO PASAJERO,SÁBADO,13,AVENIDA,RESIDENCIAL,TRAMO RECTO,NO HABILITADO,0
BARRANCO,CONDUCTOR,89,FEMENINO,ÓMNIBUS,LUNES,12,OTRO,RESIDENCIAL,INTERSECCIÓN,NO HABILITADO,0
PACCHO,CONDUCTOR,1,MASCULINO,OTRO,MIÉRCOLES,23,OTRO,COMERCIAL,OTRO,NO CORRESPONDE,1
SAN ISIDRO,NO CONDUCTOR,56,MASCULINO,OTRO,DOMINGO,19,AVENIDA,RURAL,INTERSECCIÓN,HABILITADO,0
TANTA,CONDUCTOR,70,MASCULINO,MOTOCICLETA,MARTES,15,OTRO,RESIDENCIAL,TRAMO RECTO,NO HABILITADO,1
CIENEGUILLA,NO CONDUCTOR,10,MASCULINO,CAMIÓN,SÁBADO,1,OTRO,COMERCIAL,OTRO,NO CORRESPONDE,1
RICARDO PALMA,CONDUCTOR,51,MASCULINO,CAMIÓN,JUEVES,7,AVENIDA,ESCOLAR,INTERSECCIÓN,NO CORRESPONDE,1
CHECRAS,PEATÓN,51,MASCULINO,MOTOCICLETA,MIÉRCOLES,20,AVENIDA,RURAL,INTERSECCIÓN,NO CORRESPONDE,1
BARRANCA,PEATÓN,80,FEMENINO,CAMIONETA RURAL,DOMINGO,17,CARRETERA,RURAL,INTERSECCIÓN,NO HABILITADO,1
SAN JUAN DE LURIGANCHO,PEATÓN,52,FEMENINO,AUTOMÓVIL,MIÉRCOLES,8,OTRO,INDUSTRIAL,OTRO,NO HABILITADO,1
CAJATAMBO,NO CONDUCTOR,45,FEMENINO,CAMIÓN,MARTES,8,OTRO,RURAL,OTRO,NO HABILITADO,1
CIENEGUILLA,PEATÓN,98,FEMENINO,ÓMNIBUS,JUEVES,10,AVENIDA,COMERCIAL,INTERSECCIÓN,HABILITADO,0
SANTA ANITA,PEATÓN,22,FEMENINO,CAMIÓN,JUEVES,3,OTRO,RURAL,OTRO,HABILITADO,0
VEGUETA,NO CONDUCTOR,14,FEMENINO,OTRO,JUEVES,10,OTRO,RESIDENCIAL,OTRO,HABILITADO,0
CHANCAY,NO CONDUCTOR,42,FEMENINO,OTRO,MIÉRCOLES,21,OTRO,COMERCIAL,OTRO,HABILITADO,1
LURIN,NO CONDUCTOR,51,FEMENINO,ÓMNIBUS,VIERNES,8,AVENIDA,COMERCIAL,TRAMO RECTO,NO HABILITADO,1
SAN JUAN DE LURIGANCHO,PEATÓN,29,MASCULINO,CAMIÓN,DOMINGO,20,AVENIDA,COMERCIAL,OTRO,NO HABILITADO,1
NAVAN,NO CONDUCTOR,50,FEMENINO,OTRO,VIERNES,9,CARRETERA,COMERCIAL,TRAMO RECTO,NO HABILITADO,0
SAN MIGUEL DE ACOS,CONDUCTOR,96,MASCULINO,CAMIONETA RURAL,VIERNES,20,AVENIDA,RESIDENCIAL,INTERSECCIÓN,NO CORRESPONDE,1
PUCUSANA,CONDUCTOR,4,FEMENINO,OTRO,LUNES,3,CARRETERA,INDUSTRIAL,INTERSECCIÓN,NO CORRESPONDE,1
PUNTA NEGRA,PEATÓN,62,FEMENINO,TRIMOTO PASAJERO,JUEVES,9,CARRETERA,RURAL,OTRO,NO CORRESPONDE,0
SURQUILLO,CONDUCTOR,99,FEMENINO,AUTOMÓVIL,VIERNES,21,AVENIDA,COMERCIAL,TRAMO RECTO,HABILITADO,1
ANCON,CONDUCTOR,26,FEMENINO,ÓMNIBUS,JUEVES,11,CARRETERA,ESCOLAR,TRAMO RECTO,NO HABILITADO,1
SAYAN,CONDUCTOR,6,MASCULINO,TRIMOTO PASAJERO,VIERNES,8,AVENIDA,RURAL,TRAMO RECTO,HABILITADO,1
SANTA CRUZ DE ANDAMARCA,PEATÓN,36,FEMENINO,TRIMOTO PASAJERO,DOMINGO,12,AVENIDA,RURAL,INTERSECCIÓN,NO HABILITADO,1
HUAURA,PEATÓN,88,FEMENINO,CAMIONETA RURAL,JUEVES,3,CARRETERA,ESCOLAR,OTRO,NO CORRESPONDE,1
NAVAN,PEATÓN,32,FEMENINO,AUTOMÓVIL,JUEVES,18,OTRO,INDUSTRIAL,INTERSECCIÓN,HABILITADO,1
OYON,PEATÓN,27,FEMENINO,ÓMNIBUS,LUNES,11,OTRO,RURAL,OTRO,NO CORRESPONDE,0
SANTA MARIA,PEATÓN,23,MASCULINO,TRIMOTO PASAJERO,VIERNES,23,CARRETERA,RURAL,INTERSECCIÓN,NO HABILITADO,0
SAN JUAN DE MIRAFLORES,CONDUCTOR,15,FEMENINO,CAMIÓN,SÁBADO,2,CARRETERA,RURAL,TRAMO RECTO,NO HABILITADO,1
CHILCA,NO CONDUCTOR,10,FEMENINO,CAMIÓN,LUNES,6,OTRO,RESIDENCIAL,OTRO,NO HABILITADO,0
TANTA,PEATÓN,100,MASCULINO,OTRO,MARTES,12,OTRO,COMERCIAL,OTRO,NO HABILITADO,1
HUANCAPON,NO CONDUCTOR,63,MASCULINO,TRIMOTO PASAJERO,LUNES,10,CARRETERA,RESIDENCIAL,INTERSECCIÓN,HABILITADO,1
PACHANGARA,PEATÓN,45,MASCULINO,TRIMOTO PASAJERO,VIERNES,3,AVENIDA,RURAL,TRAMO RECTO,NO CORRESPONDE,0
PUEBLO LIBRE,CONDUCTOR,28,FEMENINO,AUTOMÓVIL,VIERNES,16,AVENIDA,ESCOLAR,OTRO,NO CORRESPONDE,0
HUALMAY,CONDUCTOR,29,FEMENINO,MOTOCICLETA,VIERNES,4,OTRO,ESCOLAR,OTRO,NO CORRESPONDE,1
HUALMAY,CONDUCTOR,33,FEMENINO,AUTOMÓVIL,DOMINGO,12,CARRETERA,RURAL,TRAMO RECTO,NO CORRESPONDE,0
MALA,PEATÓN,59,FEMENINO,MOTOCICLETA,LUNES,2,OTRO,RURAL,TRAMO RECTO,NO CORRESPONDE,1
ATE,PEATÓN,96,MASCULINO,ÓMNIBUS,LUNES,21,CARRETERA,INDUSTRIAL,OTRO,NO HABILITADO,1
BREÑA,PEATÓN,12,MASCULINO,MOTOCICLETA,MIÉRCOLES,20,OTRO,COMERCIAL,TRAMO RECTO,NO CORRESPONDE,1
SAN BARTOLO,NO CONDUCTOR,52,FEMENINO,TRIMOTO PASAJERO,VIERNES,5,AVENIDA,RURAL,INTERSECCIÓN,HABILITADO,1
CAJATAMBO,PEATÓN,85,MASCULINO,CAMIONETA RURAL,LUNES,6,CARRETERA,RESIDENCIAL,OTRO,NO HABILITADO,0
PUENTE PIEDRA,NO CONDUCTOR,75,MASCULINO,CAMIÓN,DOMINGO,11,CARRETERA,RESIDENCIAL,TRAMO RECTO,NO HABILITADO,1
INDEPENDENCIA,PEATÓN,35,FEMENINO,AUTOMÓVIL,MARTES,2,OTRO,ESCOLAR,OTRO,NO HABILITADO,1
LURIGANCHO,PEATÓN,48,MASCULINO,TRIMOTO PASAJERO,MIÉRCOLES,19,CARRETERA,RURAL,TRAMO RECTO,NO CORRESPONDE,0
LURIN,PEATÓN,13,MASCULINO,ÓMNIBUS,MIÉRCOLES,8,OTRO,RESIDENCIAL,OTRO,HABILITADO,1
SAN VICENTE DE CAÑETE,PEATÓN,71,FEMENINO,MOTOCICLETA,JUEVES,18,CARRETERA,ESCOLAR,INTERSECCIÓN,NO HABILITADO,0
SANTA ROSA,CONDUCTOR,31,MASCULINO,ÓMNIBUS,VIERNES,10,CARRETERA,RESIDENCIAL,INTERSECCIÓN,HABILITADO,0
CHILCA,NO CONDUCTOR,28,MASCULINO,MOTOCICLETA,VIERNES,1,AVENIDA,RURAL,TRAMO RECTO,NO HABILITADO,1
RIMAC,NO CONDUCTOR,22,MASCULINO,OTRO,MIÉRCOLES,20,CARRETERA,ESCOLAR,OTRO,NO HABILITADO,1
MANAS,CONDUCTOR,1,FEMENINO,OTRO,VIERNES,8,OTRO,ESCOLAR,INTERSECCIÓN,NO HABILITADO,1
BARRANCA,NO CONDUCTOR,56,FEMENINO,MOTOCICLETA,VIERNES,12,AVENIDA,RESIDENCIAL,TRAMO RECTO,NO HABILITADO,0
VILLA MARIA DEL TRIUNFO,CONDUCTOR,76,FEMENINO,AUTOMÓVIL,SÁBADO,21,CARRETERA,RESIDENCIAL,TRAMO RECTO,NO CORRESPONDE,0
SUPE,CONDUCTOR,89,MASCULINO,AUTOMÓVIL,MIÉRCOLES,5,AVENIDA,ESCOLAR,OTRO,NO CORRESPONDE,1
CAJATAMBO,PEATÓN,66,FEMENINO,OTRO,LUNES,7,OTRO,ESCOLAR,INTERSECCIÓN,NO HABILITADO,0
LURIGANCHO,PEATÓN,2,FEMENINO,CAMIONETA RURAL,SÁBADO,10,AVENIDA,ESCOLAR,INTERSECCIÓN,NO CORRESPONDE,1
SANTA CRUZ DE ANDAMARCA,PEATÓN,83,MASCULINO,CAMIÓN,MIÉRCOLES,22,OTRO,RURAL,TRAMO RECTO,NO HABILITADO,0
CHICLA,CONDUCTOR,35,MASCULINO,TRIMOTO PASAJERO,MIÉRCOLES,5,CARRETERA,RESIDENCIAL,TRAMO RECTO,HABILITADO,1
SANTA MARIA,NO CONDUCTOR,71,FEMENINO,CAMIONETA RURAL,DOMINGO,22,OTRO,RURAL,INTERSECCIÓN,NO CORRESPONDE,0
SANTA ANITA,NO CONDUCTOR,89,FEMENINO,OTRO,SÁBADO,6,CARRETERA,RESIDENCIAL,OTRO,HABILITADO,1
CAJATAMBO,PEATÓN,4,MASCULINO,AUTOMÓVIL,MARTES,9,OTRO,COMERCIAL,INTERSECCIÓN,HABILITADO,0
SAN MARTIN DE PORRES,PEATÓN,28,FEMENINO,MOTOCICLETA,VIERNES,11,OTRO,RURAL,TRAMO RECTO,NO HABILITADO,1
SAN VICENTE DE CAÑETE,CONDUCTOR,86,FEMENINO,CAMIONETA RURAL,SÁBADO,14,AVENIDA,ESCOLAR,INTERSECCIÓN,HABILITADO,1
HUANCAPON,PEATÓN,34,FEMENINO,CAMIÓN,SÁBADO,14,CARRETERA,RURAL,OTRO,NO HABILITADO,1
MALA,CONDUCTOR,95,FEMENINO,CAMIONETA RURAL,MIÉRCOLES,13,CARRETERA,INDUSTRIAL,TRAMO RECTO,HABILITADO,0
SURQUILLO,CONDUCTOR,3,MASCULINO,CAMIONETA RURAL,MARTES,16,OTRO,ESCOLAR,TRAMO RECTO,NO CORRESPONDE,1
SUPE,PEATÓN,43,FEMENINO,CAMIONETA RURAL,LUNES,18,AVENIDA,COMERCIAL,OTRO,NO HABILITADO,1
ATE,NO CONDUCTOR,38,FEMENINO,ÓMNIBUS,MIÉRCOLES,5,CARRETERA,ESCOLAR,INTERSECCIÓN,HABILITADO,0
NAVAN,CONDUCTOR,50,MASCULINO,AUTOMÓVIL,VIERNES,9,AVENIDA,COMERCIAL,OTRO,HABILITADO,1
SAN MIGUEL,NO CONDUCTOR,88,FEMENINO,MOTOCICLETA,SÁBADO,15,AVENIDA,ESCOLAR,INTERSECCIÓN,NO HABILITADO,0
HUACHO,PEATÓN,92,MASCULINO,CAMIONETA RURAL,DOMINGO,10,CARRETERA,INDUSTRIAL,TRAMO RECTO,HABILITADO,0
PARAMONGA,NO CONDUCTOR,16,FEMENINO,CAMIÓN,DOMINGO,15,AVENIDA,RESIDENCIAL,OTRO,HABILITADO,1
CHACLACAYO,CONDUCTOR,90,FEMENINO,AUTOMÓVIL,VIERNES,12,CARRETERA,RURAL,TRAMO RECTO,NO HABILITADO,1
PUNTA NEGRA,NO CONDUCTOR,26,MASCULINO,ÓMNIBUS,DOMINGO,5,AVENIDA,INDUSTRIAL,OTRO,NO CORRESPONDE,0
PARAMONGA,NO CONDUCTOR,1,FEMENINO,CAMIÓN,MARTES,2,CARRETERA,INDUSTRIAL,INTERSECCIÓN,HABILITADO,1
SANTIAGO DE SURCO,CONDUCTOR,93,MASCULINO,CAMIONETA RURAL,VIERNES,18,AVENIDA,COMERCIAL,OTRO,NO HABILITADO,1
PUNTA HERMOSA,PEATÓN,86,MASCULINO,AUTOMÓVIL,VIERNES,23,AVENIDA,RURAL,TRAMO RECTO,NO CORRESPONDE,0
SAN MIGUEL,PEATÓN,0,FEMENINO,MOTOCICLETA,JUEVES,13,OTRO,INDUSTRIAL,OTRO,NO CORRESPONDE,1
PATIVILCA,PEATÓN,13,FEMENINO,MOTOCICLETA,VIERNES,10,AVENIDA,RURAL,INTERSECCIÓN,NO CORRESPONDE,0
BARRANCO,PEATÓN,1,MASCULINO,AUTOMÓVIL,LUNES,1,CARRETERA,COMERCIAL,TRAMO RECTO,NO HABILITADO,0
MATUCANA,CONDUCTOR,28,MASCULINO,AUTOMÓVIL,SÁBADO,19,AVENIDA,COMERCIAL,OTRO,NO CORRESPONDE,1
SAYAN,PEATÓN,38,MASCULINO,CAMIÓN,MIÉRCOLES,8,OTRO,ESCOLAR,INTERSECCIÓN,NO CORRESPONDE,0
CARABAYLLO,CONDUCTOR,70,MASCULINO,OTRO,LUNES,6,CARRETERA,RESIDENCIAL,TRAMO RECTO,NO HABILITADO,0
PARAMONGA,PEATÓN,52,MASCULINO,AUTOMÓVIL,VIERNES,13,AVENIDA,RESIDENCIAL,INTERSECCIÓN,NO CORRESPONDE,0
CHICLA,PEATÓN,47,MASCULINO,TRIMOTO PASAJERO,DOMINGO,2,OTRO,RURAL,OTRO,NO CORRESPONDE,0
CAJATAMBO,NO CONDUCTOR,24,MASCULINO,CAMIÓN,JUEVES,14,OTRO,INDUSTRIAL,OTRO,NO HABILITADO,1
RICARDO PALMA,PEATÓN,52,FEMENINO,OTRO,JUEVES,6,AVENIDA,RESIDENCIAL,OTRO,HABILITADO,1
MAGDALENA DEL MAR,NO CONDUCTOR,78,FEMENINO,AUTOMÓVIL,VIERNES,14,OTRO,INDUSTRIAL,INTERSECCIÓN,HABILITADO,1
PATIVILCA,PEATÓN,16,MASCULINO,OTRO,SÁBADO,10,CARRETERA,INDUSTRIAL,TRAMO RECTO,NO CORRESPONDE,1
AMBAR,PEATÓN,49,FEMENINO,AUTOMÓVIL,JUEVES,6,CARRETERA,ESCOLAR,OTRO,NO CORRESPONDE,0
MALA,CONDUCTOR,24,FEMENINO,CAMIÓN,VIERNES,11,CARRETERA,RESIDENCIAL,INTERSECCIÓN,HABILITADO,1
CHACLACAYO,NO CONDUCTOR,41,MASCULINO,OTRO,MARTES,23,OTRO,INDUSTRIAL,OTRO,NO CORRESPONDE,1
HUACHO,NO CONDUCTOR,16,MASCULINO,CAMIÓN,JUEVES,22,CARRETERA,COMERCIAL,INTERSECCIÓN,NO CORRESPONDE,0
MAGDALENA DEL MAR,NO CONDUCTOR,46,FEMENINO,OTRO,MARTES,15,OTRO,RURAL,OTRO,NO HABILITADO,0
LIMA,CONDUCTOR,92,FEMENINO,TRIMOTO PASAJERO,VIERNES,16,CARRETERA,RESIDENCIAL,TRAMO RECTO,NO CORRESPONDE,1
RIMAC,PEATÓN,9,FEMENINO,ÓMNIBUS,DOMINGO,8,AVENIDA,RESIDENCIAL,INTERSECCIÓN,HABILITADO,0
CARABAYLLO,NO CONDUCTOR,22,FEMENINO,OTRO,VIERNES,15,OTRO,RESIDENCIAL,TRAMO RECTO,NO CORRESPONDE,0
CHANCAY,PEATÓN,4,FEMENINO,CAMIONETA RURAL,MIÉRCOLES,16,AVENIDA,ESCOLAR,TRAMO RECTO,NO CORRESPONDE,0
PACHACAMAC,CONDUCTOR,31,FEMENINO,CAMIÓN,JUEVES,7,CARRETERA,COMERCIAL,INTERSECCIÓN,NO HABILITADO,1
HUAURA,NO CONDUCTOR,30,MASCULINO,CAMIÓN,JUEVES,21,CARRETERA,ESCOLAR,TRAMO RECTO,NO HABILITADO,1
PACCHO,PEATÓN,7,FEMENINO,CAMIONETA RURAL,LUNES,14,OTRO,ESCOLAR,OTRO,NO HABILITADO,1
EL AGUSTINO,PEATÓN,99,FEMENINO,CAMIONETA RURAL,JUEVES,22,OTRO,RURAL,TRAMO RECTO,NO CORRESPONDE,1
SANTA ROSA,CONDUCTOR,26,MASCULINO,CAMIÓN,DOMINGO,1,AVENIDA,ESCOLAR,TRAMO RECTO,NO HABILITADO,1
PUNTA HERMOSA,PEATÓN,30,FEMENINO,OTRO,SÁBADO,16,OTRO,INDUSTRIAL,INTERSECCIÓN,HABILITADO,1
TANTA,NO CONDUCTOR,13,FEMENINO,OTRO,LUNES,8,CARRETERA,RURAL,TRAMO RECTO,NO CORRESPONDE,1
LURIN,PEATÓN,65,MASCULINO,CAMIONETA RURAL,LUNES,15,AVENIDA,INDUSTRIAL,INTERSECCIÓN,HABILITADO,1
LA MOLINA,NO CONDUCTOR,47,MASCULINO,CAMIONETA RURAL,MARTES,6,CARRETERA,RURAL,INTERSECCIÓN,NO CORRESPONDE,1
SANTA ANITA,CONDUCTOR,41,FEMENINO,CAMIÓN,LUNES,13,AVENIDA,COMERCIAL,INTERSECCIÓN,NO CORRESPONDE,1
SANTIAGO DE SURCO,PEATÓN,7,FEMENINO,CAMIONETA RURAL,JUEVES,23,CARRETERA,RESIDENCIAL,INTERSECCIÓN,NO HABILITADO,1
SAN MIGUEL,CONDUCTOR,31,MASCULINO,OTRO,JUEVES,9,OTRO,COMERCIAL,TRAMO RECTO,HABILITADO,0
SANTA ROSA,PEATÓN,86,MASCULINO,CAMIÓN,MIÉRCOLES,5,AVENIDA,RESIDENCIAL,TRAMO RECTO,NO HABILITADO,1
LURIGANCHO,PEATÓN,60,MASCULINO,CAMIÓN,SÁBADO,6,OTRO,RESIDENCIAL,OTRO,NO CORRESPONDE,0
NAVAN,NO CONDUCTOR,87,FEMENINO,MOTOCICLETA,JUEVES,22,OTRO,RESIDENCIAL,TRAMO RECTO,NO CORRESPONDE,1
PUENTE PIEDRA,NO CONDUCTOR,14,FEMENINO,MOTOCICLETA,SÁBADO,6,AVENIDA,INDUSTRIAL,OTRO,NO CORRESPONDE,0
SANTIAGO DE SURCO,NO CONDUCTOR,26,FEMENINO,AUTOMÓVIL,JUEVES,17,CARRETERA,RURAL,TRAMO RECTO,NO CORRESPONDE,0
PARAMONGA,NO CONDUCTOR,89,FEMENINO,ÓMNIBUS,SÁBADO,10,AVENIDA,ESCOLAR,OTRO,NO CORRESPONDE,0
AMBAR,PEATÓN,23,FEMENINO,CAMIONETA RURAL,MARTES,9,OTRO,RURAL,OTRO,NO CORRESPONDE,0
OYON,NO CONDUCTOR,40,MASCULINO,TRIMOTO PASAJERO,VIERNES,14,OTRO,RESIDENCIAL,INTERSECCIÓN,NO HABILITADO,1
CHILCA,CONDUCTOR,100,FEMENINO,MOTOCICLETA,JUEVES,8,AVENIDA,RESIDENCIAL,OTRO,HABILITADO,0
MIRAFLORES,CONDUCTOR,39,FEMENINO,AUTOMÓVIL,LUNES,4,CARRETERA,COMERCIAL,TRAMO RECTO,NO HABILITADO,1
SAN JUAN DE MIRAFLORES,PEATÓN,42,MASCULINO,TRIMOTO PASAJERO,MIÉRCOLES,14,CARRETERA,COMERCIAL,INTERSECCIÓN,HABILITADO,0
MALA,CONDUCTOR,36,FEMENINO,CAMIÓN,MIÉRCOLES,5,OTRO,RESIDENCIAL,OTRO,NO CORRESPONDE,1
PUCUSANA,PEATÓN,68,MASCULINO,AUTOMÓVIL,MARTES,15,CARRETERA,RURAL,INTERSECCIÓN,HABILITADO,0
SAN ISIDRO,PEATÓN,60,MASCULINO,CAMIÓN,JUEVES,20,CARRETERA,INDUSTRIAL,TRAMO RECTO,HABILITADO,0
HUALMAY,NO CONDUCTOR,1,MASCULINO,CAMIÓN,MARTES,4,CARRETERA,ESCOLAR,TRAMO RECTO,NO HABILITADO,1
SANTIAGO DE SURCO,CONDUCTOR,13,FEMENINO,AUTOMÓVIL,SÁBADO,12,OTRO,RESIDENCIAL,INTERSECCIÓN,NO HABILITADO,1
SANTA ROSA,NO CONDUCTOR,66,MASCULINO,AUTOMÓVIL,MARTES,19,CARRETERA,INDUSTRIAL,TRAMO RECTO,NO HABILITADO,1
SUPE,CONDUCTOR,21,MASCULINO,AUTOMÓVIL,DOMINGO,13,CARRETERA,COMERCIAL,INTERSECCIÓN,HABILITADO,1
PUEBLO LIBRE,CONDUCTOR,63,MASCULINO,CAMIONETA RURAL,MARTES,2,AVENIDA,INDUSTRIAL,INTERSECCIÓN,NO CORRESPONDE,0
PUCUSANA,NO CONDUCTOR,11,FEMENINO,MOTOCICLETA,JUEVES,1,AVENIDA,RURAL,TRAMO RECTO,NO HABILITADO,1
HUALMAY,CONDUCTOR,12,FEMENINO,MOTOCICLETA,MARTES,18,OTRO,ESCOLAR,OTRO,NO CORRESPONDE,1
ANCON,NO CONDUCTOR,78,FEMENINO,MOTOCICLETA,SÁBADO,3,OTRO,ESCOLAR,OTRO,NO HABILITADO,0
PUNTA HERMOSA,NO CONDUCTOR,73,MASCULINO,ÓMNIBUS,SÁBADO,18,OTRO,RURAL,INTERSECCIÓN,NO HABILITADO,0
PUEBLO LIBRE,NO CONDUCTOR,9,FEMENINO,AUTOMÓVIL,DOMINGO,3,AVENIDA,INDUSTRIAL,TRAMO RECTO,NO HABILITADO,0
LURIGANCHO,CONDUCTOR,53,MASCULINO,CAMIONETA RURAL,MARTES,23,CARRETERA,RURAL,TRAMO RECTO,HABILITADO,1
VILLA EL SALVADOR,PEATÓN,33,FEMENINO,OTRO,SÁBADO,9,OTRO,COMERCIAL,INTERSECCIÓN,HABILITADO,1
SAN LUIS,PEATÓN,78,MASCULINO,TRIMOTO PASAJERO,VIERNES,23,AVENIDA,RESIDENCIAL,OTRO,NO HABILITADO,1
CHECRAS,NO CONDUCTOR,69,MASCULINO,CAMIONETA RURAL,MIÉRCOLES,11,AVENIDA,RESIDENCIAL,TRAMO RECTO,NO CORRESPONDE,1
OYON,NO CONDUCTOR,37,MASCULINO,OTRO,VIERNES,6,OTRO,RURAL,INTERSECCIÓN,NO CORRESPONDE,1
VEGUETA,PEATÓN,95,FEMENINO,AUTOMÓVIL,DOMINGO,13,AVENIDA,RESIDENCIAL,OTRO,HABILITADO,1
BREÑA,CONDUCTOR,37,MASCULINO,MOTOCICLETA,JUEVES,19,AVENIDA,INDUSTRIAL,OTRO,HABILITADO,1
PUNTA NEGRA,NO CONDUCTOR,74,MASCULINO,TRIMOTO PASAJERO,LUNES,1,CARRETERA,ESCOLAR,TRAMO RECTO,NO CORRESPONDE,1
CHECRAS,NO CONDUCTOR,99,FEMENINO,CAMIÓN,VIERNES,5,CARRETERA,COMERCIAL,OTRO,NO CORRESPONDE,0
BARRANCO,CONDUCTOR,39,MASCULINO,CAMIÓN,JUEVES,17,OTRO,COMERCIAL,OTRO,NO HABILITADO,0
LA MOLINA,NO CONDUCTOR,3,FEMENINO,AUTOMÓVIL,LUNES,5,CARRETERA,RURAL,TRAMO RECTO,NO HABILITADO,0
SUPE,NO CONDUCTOR,85,FEMENINO,MOTOCICLETA,LUNES,6,OTRO,ESCOLAR,TRAMO RECTO,HABILITADO,0
LIMA,CONDUCTOR,1,FEMENINO,AUTOMÓVIL,VIERNES,19,OTRO,RURAL,OTRO,NO CORRESPONDE,1
ATAVILLOS ALTO,NO CONDUCTOR,12,MASCULINO,TRIMOTO PASAJERO,DOMINGO,20,OTRO,RURAL,INTERSECCIÓN,HABILITADO,0
PATIVILCA,NO CONDUCTOR,59,MASCULINO,MOTOCICLETA,MIÉRCOLES,8,OTRO,COMERCIAL,OTRO,NO CORRESPONDE,1
OYON,CONDUCTOR,80,FEMENINO,AUTOMÓVIL,DOMINGO,9,AVENIDA,RURAL,OTRO,NO CORRESPONDE,1
MIRAFLORES,CONDUCTOR,79,MASCULINO,ÓMNIBUS,JUEVES,7,CARRETERA,RESIDENCIAL,OTRO,NO CORRESPONDE,1
CIENEGUILLA,CONDUCTOR,98,MASCULINO,CAMIÓN,JUEVES,20,OTRO,RESIDENCIAL,INTERSECCIÓN,HABILITADO,0
PATIVILCA,NO CONDUCTOR,7,MASCULINO,ÓMNIBUS,DOMINGO,22,CARRETERA,RURAL,INTERSECCIÓN,NO HABILITADO,1
SUPE,PEATÓN,92,FEMENINO,AUTOMÓVIL,JUEVES,4,OTRO,RURAL,INTERSECCIÓN,NO CORRESPONDE,1
SAN VICENTE DE CAÑETE,NO CONDUCTOR,66,FEMENINO,MOTOCICLETA,MARTES,12,OTRO,INDUSTRIAL,OTRO,NO CORRESPONDE,1
SANTA CRUZ DE ANDAMARCA,CONDUCTOR,48,MASCULINO,ÓMNIBUS,MARTES,21,CARRETERA,ESCOLAR,OTRO,HABILITADO,1
LA MOLINA,CONDUCTOR,79,FEMENINO,CAMIONETA RURAL,DOMINGO,16,OTRO,RESIDENCIAL,TRAMO RECTO,NO CORRESPONDE,0
SAN BARTOLO,CONDUCTOR,49,MASCULINO,MOTOCICLETA,JUEVES,22,CARRETERA,COMERCIAL,TRAMO RECTO,NO HABILITADO,0
SURQUILLO,NO CONDUCTOR,72,MASCULINO,TRIMOTO PASAJERO,MIÉRCOLES,17,CARRETERA,RESIDENCIAL,OTRO,NO HABILITADO,1
OYON,PEATÓN,29,FEMENINO,CAMIÓN,DOMINGO,16,OTRO,INDUSTRIAL,OTRO,NO HABILITADO,0
CHECRAS,CONDUCTOR,10,FEMENINO,CAMIÓN,JUEVES,11,OTRO,ESCOLAR,OTRO,NO HABILITADO,0
VILLA EL SALVADOR,NO CONDUCTOR,56,FEMENINO,OTRO,LUNES,17,CARRETERA,INDUSTRIAL,TRAMO RECTO,HABILITADO,1
SANTA ROSA,NO CONDUCTOR,18,MASCULINO,OTRO,JUEVES,23,OTRO,RESIDENCIAL,TRAMO RECTO,NO HABILITADO,0
SAN JUAN DE MIRAFLORES,NO CONDUCTOR,91,FEMENINO,ÓMNIBUS,MARTES,23,OTRO,ESCOLAR,OTRO,HABILITADO,0
CHACLACAYO,PEATÓN,62,MASCULINO,CAMIONETA RURAL,VIERNES,11,AVENIDA,RESIDENCIAL,OTRO,NO CORRESPONDE,0
SAN ISIDRO,PEATÓN,94,MASCULINO,TRIMOTO PASAJERO,LUNES,6,CARRETERA,INDUSTRIAL,TRAMO RECTO,HABILITADO,1
SANTA ANITA,NO CONDUCTOR,43,FEMENINO,TRIMOTO PASAJERO,VIERNES,9,OTRO,RESIDENCIAL,OTRO,HABILITADO,1
LINCE,NO CONDUCTOR,58,MASCULINO,MOTOCICLETA,SÁBADO,2,CARRETERA,RESIDENCIAL,OTRO,HABILITADO,0
ATAVILLOS ALTO,PEATÓN,77,FEMENINO,CAMIONETA RURAL,MARTES,6,OTRO,RURAL,INTERSECCIÓN,HABILITADO,1
SAN BORJA,NO CONDUCTOR,31,FEMENINO,ÓMNIBUS,VIERNES,22,OTRO,INDUSTRIAL,INTERSECCIÓN,NO CORRESPONDE,1
PACHANGARA,PEATÓN,88,MASCULINO,TRIMOTO PASAJERO,MIÉRCOLES,11,AVENIDA,RESIDENCIAL,OTRO,HABILITADO,1
MIRAFLORES,CONDUCTOR,20,MASCULINO,ÓMNIBUS,JUEVES,2,AVENIDA,RURAL,OTRO,NO HABILITADO,0
PUENTE PIEDRA,CONDUCTOR,78,FEMENINO,OTRO,SÁBADO,18,OTRO,ESCOLAR,TRAMO RECTO,HABILITADO,1
PACHANGARA,CONDUCTOR,13,FEMENINO,CAMIONETA RURAL,LUNES,10,OTRO,RESIDENCIAL,OTRO,HABILITADO,1
LIMA,CONDUCTOR,17,MASCULINO,MOTOCICLETA,VIERNES,23,AVENIDA,RESIDENCIAL,INTERSECCIÓN,NO HABILITADO,1
SAN JUAN DE MIRAFLORES,CONDUCTOR,16,MASCULINO,CAMIONETA RURAL,MIÉRCOLES,17,CARRETERA,RURAL,INTERSECCIÓN,HABILITADO,1
LURIGANCHO,NO CONDUCTOR,49,MASCULINO,ÓMNIBUS,SÁBADO,21,CARRETERA,ESCOLAR,OTRO,HABILITADO,0
SAN BORJA,PEATÓN,93,MASCULINO,OTRO,LUNES,6,CARRETERA,ESCOLAR,OTRO,NO HABILITADO,0
VEGUETA,CONDUCTOR,89,FEMENINO,CAMIÓN,LUNES,6,AVENIDA,RURAL,INTERSECCIÓN,NO HABILITADO,1
LINCE,NO CONDUCTOR,78,FEMENINO,ÓMNIBUS,DOMINGO,8,AVENIDA,RESIDENCIAL,OTRO,HABILITADO,1
HUANCAPON,PEATÓN,30,FEMENINO,MOTOCICLETA,DOMINGO,12,AVENIDA,RURAL,INTERSECCIÓN,HABILITADO,0
CHACLACAYO,NO CONDUCTOR,51,MASCULINO,AUTOMÓVIL,MARTES,14,CARRETERA,ESCOLAR,TRAMO RECTO,NO CORRESPONDE,0
MALA,PEATÓN,90,FEMENINO,CAMIÓN,MARTES,21,AVENIDA,COMERCIAL,INTERSECCIÓN,NO CORRESPONDE,1
LOS OLIVOS,NO CONDUCTOR,57,MASCULINO,CAMIÓN,SÁBADO,6,OTRO,RURAL,TRAMO RECTO,HABILITADO,0
SANTA ROSA,PEATÓN,75,FEMENINO,CAMIONETA RURAL,DOMINGO,8,AVENIDA,INDUSTRIAL,INTERSECCIÓN,NO HABILITADO,1
CHANCAY,NO CONDUCTOR,52,MASCULINO,CAMIÓN,LUNES,17,AVENIDA,RURAL,INTERSECCIÓN,NO CORRESPONDE,0
MAGDALENA DEL MAR,PEATÓN,25,MASCULINO,CAMIÓN,VIERNES,12,OTRO,RURAL,OTRO,NO CORRESPONDE,1
SANTA MARIA,CONDUCTOR,4,MASCULINO,AUTOMÓVIL,VIERNES,12,CARRETERA,RESIDENCIAL,OTRO,HABILITADO,1
COMAS,NO CONDUCTOR,7,MASCULINO,AUTOMÓVIL,DOMINGO,12,OTRO,INDUSTRIAL,TRAMO RECTO,NO CORRESPONDE,1
PACHACAMAC,NO CONDUCTOR,60,MASCULINO,OTRO,JUEVES,8,AVENIDA,COMERCIAL,TRAMO RECTO,NO CORRESPONDE,0
SURQUILLO,CONDUCTOR,38,MASCULINO,AUTOMÓVIL,DOMINGO,9,OTRO,RESIDENCIAL,OTRO,HABILITADO,0
AMBAR,NO CONDUCTOR,5,FEMENINO,AUTOMÓVIL,VIERNES,10,AVENIDA,RESIDENCIAL,INTERSECCIÓN,HABILITADO,0
MANAS,PEATÓN,68,MASCULINO,ÓMNIBUS,VIERNES,5,AVENIDA,ESCOLAR,INTERSECCIÓN,NO HABILITADO,1
ANCON,NO CONDUCTOR,71,FEMENINO,CAMIONETA RURAL,MIÉRCOLES,7,AVENIDA,ESCOLAR,OTRO,NO CORRESPONDE,0
BARRANCA,CONDUCTOR,87,MASCULINO,AUTOMÓVIL,DOMINGO,12,OTRO,ESCOLAR,INTERSECCIÓN,NO CORRESPONDE,1
TANTA,PEATÓN,7,MASCULINO,CAMIÓN,SÁBADO,18,CARRETERA,RESIDENCIAL,OTRO,NO HABILITADO,0
SAN MATEO,CONDUCTOR,89,MASCULINO,AUTOMÓVIL,JUEVES,4,OTRO,INDUSTRIAL,TRAMO RECTO,HABILITADO,0
MAGDALENA DEL MAR,PEATÓN,94,FEMENINO,CAMIÓN,MARTES,10,OTRO,COMERCIAL,OTRO,HABILITADO,1
MALA,PEATÓN,80,FEMENINO,CAMIONETA RURAL,DOMINGO,21,AVENIDA,ESCOLAR,TRAMO RECTO,NO CORRESPONDE,1
CHORRILLOS,NO CONDUCTOR,22,MASCULINO,ÓMNIBUS,SÁBADO,19,CARRETERA,COMERCIAL,TRAMO RECTO,NO HABILITADO,1
RICARDO PALMA,NO CONDUCTOR,49,FEMENINO,CAMIÓN,MIÉRCOLES,9,AVENIDA,INDUSTRIAL,INTERSECCIÓN,NO CORRESPONDE,1
SAN JUAN DE MIRAFLORES,NO CONDUCTOR,43,FEMENINO,CAMIÓN,MIÉRCOLES,4,OTRO,RURAL,OTRO,HABILITADO,1
SAN ANTONIO,PEATÓN,42,MASCULINO,MOTOCICLETA,MIÉRCOLES,18,AVENIDA,INDUSTRIAL,TRAMO RECTO,NO HABILITADO,0
NAVAN,PEATÓN,92,FEMENINO,CAMIONETA RURAL,DOMINGO,14,OTRO,INDUSTRIAL,TRAMO RECTO,NO CORRESPONDE,0
MATUCANA,NO CONDUCTOR,69,MASCULINO,OTRO,SÁBADO,17,OTRO,RESIDENCIAL,TRAMO RECTO,NO CORRESPONDE,1
PACHANGARA,NO CONDUCTOR,72,MASCULINO,CAMIONETA RURAL,JUEVES,14,CARRETERA,RURAL,TRAMO RECTO,HABILITADO,0
SAN JUAN DE MIRAFLORES,NO CONDUCTOR,66,FEMENINO,AUTOMÓVIL,MARTES,11,CARRETERA,RURAL,INTERSECCIÓN,NO HABILITADO,0
CHANCAY,PEATÓN,86,MASCULINO,AUTOMÓVIL,SÁBADO,9,AVENIDA,RURAL,INTERSECCIÓN,NO HABILITADO,0
SAN JUAN DE MIRAFLORES,PEATÓN,4,MASCULINO,TRIMOTO PASAJERO,SÁBADO,3,OTRO,INDUSTRIAL,TRAMO RECTO,HABILITADO,0
PACHANGARA,CONDUCTOR,99,FEMENINO,ÓMNIBUS,SÁBADO,7,OTRO,ESCOLAR,OTRO,NO HABILITADO,0
HUANCAPON,PEATÓN,90,MASCULINO,CAMIONETA RURAL,MARTES,23,CARRETERA,INDUSTRIAL,TRAMO RECTO,HABILITADO,1
MATUCANA,CONDUCTOR,25,MASCULINO,AUTOMÓVIL,LUNES,19,CARRETERA,INDUSTRIAL,INTERSECCIÓN,NO HABILITADO,1
CHACLACAYO,PEATÓN,92,MASCULINO,TRIMOTO PASAJERO,MARTES,8,AVENIDA,INDUSTRIAL,OTRO,NO CORRESPONDE,0
SAN MIGUEL DE ACOS,NO CONDUCTOR,38,MASCULINO,ÓMNIBUS,VIERNES,6,AVENIDA,INDUSTRIAL,TRAMO RECTO,HABILITADO,0
PUEBLO LIBRE,PEATÓN,2,MASCULINO,CAMIÓN,MARTES,1,OTRO,COMERCIAL,INTERSECCIÓN,NO HABILITADO,0
SANTA ROSA,CONDUCTOR,86,MASCULINO,AUTOMÓVIL,JUEVES,11,OTRO,COMERCIAL,OTRO,NO CORRESPONDE,0
LIMA,CONDUCTOR,88,FEMENINO,OTRO,SÁBADO,22,OTRO,COMERCIAL,OTRO,NO CORRESPONDE,0
ATE,PEATÓN,38,FEMENINO,CAMIONETA RURAL,JUEVES,9,OTRO,COMERCIAL,TRAMO RECTO,NO HABILITADO,0
CHACLACAYO,CONDUCTOR,0,MASCULINO,CAMIÓN,SÁBADO,5,AVENIDA,RESIDENCIAL,TRAMO RECTO,NO HABILITADO,1
SAN MIGUEL DE ACOS,CONDUCTOR,30,MASCULINO,OTRO,SÁBADO,19,CARRETERA,RURAL,OTRO,HABILITADO,1
VILLA MARIA DEL TRIUNFO,CONDUCTOR,67,MASCULINO,AUTOMÓVIL,VIERNES,9,CARRETERA,COMERCIAL,TRAMO RECTO,NO CORRESPONDE,0
PATIVILCA,NO CONDUCTOR,22,MASCULINO,AUTOMÓVIL,MARTES,4,AVENIDA,ESCOLAR,OTRO,NO CORRESPONDE,0
VILLA MARIA DEL TRIUNFO,CONDUCTOR,50,MASCULINO,ÓMNIBUS,LUNES,16,OTRO,RESIDENCIAL,OTRO,NO CORRESPONDE,1
MANAS,PEATÓN,29,MASCULINO,OTRO,MIÉRCOLES,1,CARRETERA,RURAL,INTERSECCIÓN,NO HABILITADO,0
SANTA MARIA,CONDUCTOR,67,FEMENINO,CAMIONETA RURAL,JUEVES,10,OTRO,RURAL,OTRO,HABILITADO,0
VILLA EL SALVADOR,PEATÓN,12,FEMENINO,OTRO,MIÉRCOLES,1,OTRO,INDUSTRIAL,INTERSECCIÓN,HABILITADO,1
SANTA CRUZ DE ANDAMARCA,PEATÓN,67,MASCULINO,TRIMOTO PASAJERO,VIERNES,14,CARRETERA,COMERCIAL,OTRO,HABILITADO,0
SANTA ROSA,CONDUCTOR,85,FEMENINO,AUTOMÓVIL,DOMINGO,19,CARRETERA,RESIDENCIAL,OTRO,HABILITADO,1
LIMA,NO CONDUCTOR,49,MASCULINO,OTRO,SÁBADO,4,AVENIDA,RURAL,OTRO,HABILITADO,0
CIENEGUILLA,PEATÓN,70,MASCULINO,AUTOMÓVIL,SÁBADO,11,OTRO,RURAL,INTERSECCIÓN,HABILITADO,1
LA MOLINA,NO CONDUCTOR,62,MASCULINO,CAMIONETA RURAL,DOMINGO,22,CARRETERA,ESCOLAR,INTERSECCIÓN,NO HABILITADO,1
TANTA,CONDUCTOR,39,MASCULINO,AUTOMÓVIL,LUNES,7,OTRO,RESIDENCIAL,TRAMO RECTO,NO CORRESPONDE,0
BARRANCA,NO CONDUCTOR,66,MASCULINO,OTRO,DOMINGO,15,AVENIDA,INDUSTRIAL,OTRO,NO CORRESPONDE,1
SAN ANTONIO,CONDUCTOR,46,FEMENINO,CAMIONETA RURAL,SÁBADO,4,OTRO,RESIDENCIAL,OTRO,NO CORRESPONDE,0
CAJATAMBO,CONDUCTOR,91,MASCULINO,ÓMNIBUS,MIÉRCOLES,7,OTRO,ESCOLAR,OTRO,HABILITADO,0
ATE,NO CONDUCTOR,28,FEMENINO,TRIMOTO PASAJERO,LUNES,12,AVENIDA,ESCOLAR,OTRO,HABILITADO,1
SAN JUAN DE MIRAFLORES,NO CONDUCTOR,46,FEMENINO,OTRO,VIERNES,11,CARRETERA,RURAL,INTERSECCIÓN,HABILITADO,0
SAYAN,NO CONDUCTOR,44,FEMENINO,OTRO,DOMINGO,20,CARRETERA,RESIDENCIAL,INTERSECCIÓN,NO HABILITADO,0
SAN JUAN DE LURIGANCHO,CONDUCTOR,60,FEMENINO,AUTOMÓVIL,DOMINGO,9,CARRETERA,COMERCIAL,TRAMO RECTO,NO HABILITADO,1
MAGDALENA DEL MAR,NO CONDUCTOR,70,MASCULINO,OTRO,SÁBADO,23,AVENIDA,ESCOLAR,OTRO,NO HABILITADO,1
INDEPENDENCIA,PEATÓN,10,MASCULINO,MOTOCICLETA,MARTES,13,CARRETERA,INDUSTRIAL,TRAMO RECTO,NO CORRESPONDE,0
NAVAN,PEATÓN,31,MASCULINO,CAMIÓN,LUNES,17,CARRETERA,RESIDENCIAL,TRAMO RECTO,NO HABILITADO,1
ANCON,PEATÓN,88,MASCULINO,AUTOMÓVIL,MARTES,18,CARRETERA,RURAL,OTRO,NO HABILITADO,0
SAN JUAN DE LURIGANCHO,NO CONDUCTOR,52,MASCULINO,CAMIONETA RURAL,VIERNES,13,CARRETERA,ESCOLAR,INTERSECCIÓN,NO CORRESPONDE,1
AUCALLAMA,NO CONDUCTOR,0,FEMENINO,CAMIÓN,MARTES,3,OTRO,ESCOLAR,INTERSECCIÓN,NO CORRESPONDE,1
INDEPENDENCIA,CONDUCTOR,73,FEMENINO,CAMIONETA RURAL,JUEVES,14,AVENIDA,INDUSTRIAL,INTERSECCIÓN,NO HABILITADO,1
SAN MATEO,PEATÓN,76,FEMENINO,MOTOCICLETA,VIERNES,23,CARRETERA,RESIDENCIAL,INTERSECCIÓN,NO CORRESPONDE,0
SAN BARTOLO,NO CONDUCTOR,12,MASCULINO,CAMIONETA RURAL,JUEVES,3,CARRETERA,RURAL,INTERSECCIÓN,HABILITADO,1
ANCON,NO CONDUCTOR,76,MASCULINO,CAMIÓN,MARTES,6,CARRETERA,RESIDENCIAL,INTERSECCIÓN,HABILITADO,0
SAN MARTIN DE PORRES,CONDUCTOR,33,MASCULINO,CAMIÓN,JUEVES,2,AVENIDA,RURAL,INTERSECCIÓN,NO CORRESPONDE,1
PACHANGARA,CONDUCTOR,96,MASCULINO,CAMIÓN,LUNES,23,OTRO,RESIDENCIAL,INTERSECCIÓN,NO CORRESPONDE,1
AUCALLAMA,CONDUCTOR,82,MASCULINO,MOTOCICLETA,VIERNES,6,CARRETERA,RURAL,OTRO,NO CORRESPONDE,1
HUARAL,NO CONDUCTOR,90,MASCULINO,CAMIONETA RURAL,MIÉRCOLES,4,AVENIDA,RESIDENCIAL,INTERSECCIÓN,HABILITADO,1
BREÑA,NO CONDUCTOR,14,FEMENINO,AUTOMÓVIL,MIÉRCOLES,23,OTRO,INDUSTRIAL,INTERSECCIÓN,NO HABILITADO,1
SANTIAGO DE SURCO,CONDUCTOR,92,MASCULINO,TRIMOTO PASAJERO,SÁBADO,13,AVENIDA,RESIDENCIAL,INTERSECCIÓN,NO HABILITADO,1
MALA,NO CONDUCTOR,33,FEMENINO,AUTOMÓVIL,MIÉRCOLES,12,OTRO,INDUSTRIAL,TRAMO RECTO,NO HABILITADO,0
RIMAC,NO CONDUCTOR,4,FEMENINO,CAMIONETA RURAL,LUNES,21,OTRO,RESIDENCIAL,OTRO,NO HABILITADO,0
SAN MATEO,CONDUCTOR,20,FEMENINO,MOTOCICLETA,SÁBADO,3,CARRETERA,ESCOLAR,OTRO,NO CORRESPONDE,1
PACHACAMAC,CONDUCTOR,55,FEMENINO,ÓMNIBUS,SÁBADO,23,AVENIDA,RESIDENCIAL,OTRO,NO CORRESPONDE,0
LURIGANCHO,NO CONDUCTOR,71,FEMENINO,CAMIONETA RURAL,MIÉRCOLES,13,CARRETERA,ESCOLAR,OTRO,NO HABILITADO,0
SAN ANTONIO,CONDUCTOR,26,MASCULINO,CAMIÓN,LUNES,16,CARRETERA,RESIDENCIAL,OTRO,NO CORRESPONDE,0
MANAS,CONDUCTOR,46,FEMENINO,AUTOMÓVIL,VIERNES,20,OTRO,INDUSTRIAL,TRAMO RECTO,HABILITADO,1
INDEPENDENCIA,NO CONDUCTOR,34,FEMENINO,AUTOMÓVIL,LUNES,5,AVENIDA,ESCOLAR,INTERSECCIÓN,NO CORRESPONDE,1
SAN MARTIN DE PORRES,NO CONDUCTOR,44,FEMENINO,OTRO,SÁBADO,8,CARRETERA,INDUSTRIAL,INTERSECCIÓN,NO CORRESPONDE,0
MALA,CONDUCTOR,38,FEMENINO,CAMIÓN,DOMINGO,7,CARRETERA,RESIDENCIAL,TRAMO RECTO,NO HABILITADO,0
HUACHO,NO CONDUCTOR,56,MASCULINO,CAMIÓN,LUNES,6,AVENIDA,RESIDENCIAL,TRAMO RECTO,NO HABILITADO,0
ATAVILLOS ALTO,CONDUCTOR,38,MASCULINO,MOTOCICLETA,MARTES,8,CARRETERA,RURAL,TRAMO RECTO,NO HABILITADO,1
ATE,NO CONDUCTOR,23,MASCULINO,AUTOMÓVIL,SÁBADO,19,OTRO,RESIDENCIAL,INTERSECCIÓN,NO HABILITADO,1
BARRANCA,PEATÓN,14,MASCULINO,CAMIÓN,LUNES,9,AVENIDA,INDUSTRIAL,INTERSECCIÓN,NO HABILITADO,1
MANAS,NO CONDUCTOR,56,MASCULINO,AUTOMÓVIL,JUEVES,12,CARRETERA,INDUSTRIAL,TRAMO RECTO,NO CORRESPONDE,1
CIENEGUILLA,PEATÓN,86,FEMENINO,MOTOCICLETA,MIÉRCOLES,13,AVENIDA,RURAL,OTRO,NO CORRESPONDE,1
PACHACAMAC,CONDUCTOR,41,FEMENINO,OTRO,MIÉRCOLES,3,OTRO,ESCOLAR,INTERSECCIÓN,NO HABILITADO,1
PUCUSANA,PEATÓN,29,MASCULINO,OTRO,MARTES,18,OTRO,RURAL,TRAMO RECTO,HABILITADO,0
MALA,NO CONDUCTOR,12,FEMENINO,AUTOMÓVIL,MIÉRCOLES,12,AVENIDA,ESCOLAR,INTERSECCIÓN,NO CORRESPONDE,0
SAN MIGUEL DE ACOS,NO CONDUCTOR,24,MASCULINO,OTRO,DOMINGO,23,CARRETERA,RURAL,TRAMO RECTO,HABILITADO,1
JESUS MARIA,CONDUCTOR,58,FEMENINO,TRIMOTO PASAJERO,LUNES,18,CARRETERA,RESIDENCIAL,TRAMO RECTO,HABILITADO,1
TANTA,PEATÓN,2,FEMENINO,CAMIÓN,DOMINGO,5,AVENIDA,INDUSTRIAL,INTERSECCIÓN,HABILITADO,1
CHECRAS,NO CONDUCTOR,68,FEMENINO,CAMIONETA RURAL,MARTES,17,CARRETERA,RESIDENCIAL,OTRO,HABILITADO,0
SANTIAGO DE SURCO,CONDUCTOR,25,FEMENINO,CAMIÓN,DOMINGO,20,AVENIDA,COMERCIAL,TRAMO RECTO,NO HABILITADO,1
SURQUILLO,CONDUCTOR,100,MASCULINO,AUTOMÓVIL,MARTES,20,AVENIDA,RESIDENCIAL,OTRO,NO HABILITADO,0
PUNTA NEGRA,NO CONDUCTOR,90,MASCULINO,CAMIONETA RURAL,MARTES,10,OTRO,COMERCIAL,INTERSECCIÓN,HABILITADO,1
PACHANGARA,NO CONDUCTOR,42,FEMENINO,TRIMOTO PASAJERO,MARTES,20,CARRETERA,RURAL,OTRO,NO HABILITADO,0
SAN JUAN DE MIRAFLORES,CONDUCTOR,49,FEMENINO,TRIMOTO PASAJERO,MIÉRCOLES,23,CARRETERA,COMERCIAL,INTERSECCIÓN,HABILITADO,1
AMBAR,NO CONDUCTOR,4,MASCULINO,MOTOCICLETA,VIERNES,18,AVENIDA,ESCOLAR,TRAMO RECTO,HABILITADO,1
NAVAN,CONDUCTOR,67,MASCULINO,TRIMOTO PASAJERO,DOMINGO,10,OTRO,RESIDENCIAL,OTRO,NO CORRESPONDE,0
PUENTE PIEDRA,CONDUCTOR,42,MASCULINO,AUTOMÓVIL,MARTES,6,OTRO,RURAL,TRAMO RECTO,NO CORRESPONDE,1
LURIN,PEATÓN,50,FEMENINO,AUTOMÓVIL,MARTES,10,CARRETERA,COMERCIAL,INTERSECCIÓN,NO HABILITADO,0
RIMAC,NO CONDUCTOR,41,MASCULINO,CAMIÓN,LUNES,9,OTRO,ESCOLAR,TRAMO RECTO,NO HABILITADO,1
JESUS MARIA,CONDUCTOR,96,MASCULINO,ÓMNIBUS,MIÉRCOLES,4,OTRO,RURAL,INTERSECCIÓN,HABILITADO,1
HUARAL,NO CONDUCTOR,15,MASCULINO,TRIMOTO PASAJERO,MIÉRCOLES,22,AVENIDA,ESCOLAR,INTERSECCIÓN,HABILITADO,1
LOS OLIVOS,PEATÓN,34,MASCULINO,MOTOCICLETA,MIÉRCOLES,23,AVENIDA,INDUSTRIAL,INTERSECCIÓN,NO HABILITADO,1
PACCHO,NO CONDUCTOR,7,MASCULINO,ÓMNIBUS,MIÉRCOLES,10,OTRO,ESCOLAR,INTERSECCIÓN,NO CORRESPONDE,0
CHACLACAYO,NO CONDUCTOR,9,MASCULINO,CAMIONETA RURAL,MARTES,12,AVENIDA,COMERCIAL,OTRO,HABILITADO,1
PACCHO,CONDUCTOR,80,FEMENINO,CAMIONETA RURAL,MARTES,19,OTRO,RESIDENCIAL,OTRO,HABILITADO,1
CHECRAS,PEATÓN,3,MASCULINO,ÓMNIBUS,MARTES,8,OTRO,COMERCIAL,OTRO,NO HABILITADO,0
HUANCAPON,PEATÓN,55,FEMENINO,OTRO,MARTES,3,OTRO,COMERCIAL,INTERSECCIÓN,HABILITADO,1
LURIN,CONDUCTOR,50,MASCULINO,CAMIÓN,SÁBADO,16,AVENIDA,RURAL,TRAMO RECTO,NO HABILITADO,0
SANTA ROSA,NO CONDUCTOR,20,FEMENINO,TRIMOTO PASAJERO,LUNES,22,CARRETERA,RESIDENCIAL,INTERSECCIÓN,NO CORRESPONDE,1
AMBAR,CONDUCTOR,95,FEMENINO,OTRO,DOMINGO,4,CARRETERA,COMERCIAL,OTRO,NO CORRESPONDE,1
COMAS,NO CONDUCTOR,3,FEMENINO,AUTOMÓVIL,VIERNES,15,OTRO,RURAL,INTERSECCIÓN,NO HABILITADO,0
OYON,NO CONDUCTOR,38,MASCULINO,TRIMOTO PASAJERO,MIÉRCOLES,8,AVENIDA,COMERCIAL,INTERSECCIÓN,NO HABILITADO,1
SAYAN,NO CONDUCTOR,72,FEMENINO,TRIMOTO PASAJERO,MARTES,12,OTRO,RESIDENCIAL,OTRO,HABILITADO,0
SAN MIGUEL,NO CONDUCTOR,14,FEMENINO,CAMIÓN,DOMINGO,7,OTRO,INDUSTRIAL,OTRO,HABILITADO,0
NAVAN,NO CONDUCTOR,69,MASCULINO,CAMIÓN,LUNES,21,OTRO,COMERCIAL,TRAMO RECTO,HABILITADO,0
BARRANCA,NO CONDUCTOR,22,MASCULINO,OTRO,MARTES,11,CARRETERA,RURAL,TRAMO RECTO,NO CORRESPONDE,0
VEGUETA,PEATÓN,78,FEMENINO,CAMIÓN,JUEVES,10,AVENIDA,COMERCIAL,TRAMO RECTO,HABILITADO,0
OYON,NO CONDUCTOR,47,FEMENINO,ÓMNIBUS,JUEVES,7,CARRETERA,RESIDENCIAL,INTERSECCIÓN,HABILITADO,0
MAGDALENA DEL MAR,NO CONDUCTOR,94,MASCULINO,TRIMOTO PASAJERO,LUNES,13,OTRO,RESIDENCIAL,INTERSECCIÓN,HABILITADO,0
CHICLA,CONDUCTOR,10,FEMENINO,ÓMNIBUS,SÁBADO,20,OTRO,ESCOLAR,TRAMO RECTO,HABILITADO,0
BARRANCA,PEATÓN,47,FEMENINO,ÓMNIBUS,MARTES,14,OTRO,INDUSTRIAL,INTERSECCIÓN,NO HABILITADO,1
SAN JUAN DE MIRAFLORES,NO CONDUCTOR,61,MASCULINO,MOTOCICLETA,SÁBADO,17,AVENIDA,ESCOLAR,OTRO,NO CORRESPONDE,0
PACCHO,PEATÓN,44,MASCULINO,OTRO,VIERNES,11,CARRETERA,ESCOLAR,TRAMO RECTO,NO HABILITADO,0
SAN BARTOLO,PEATÓN,38,MASCULINO,OTRO,JUEVES,20,CARRETERA,RESIDENCIAL,TRAMO RECTO,NO HABILITADO,1
CHORRILLOS,CONDUCTOR,53,MASCULINO,AUTOMÓVIL,MIÉRCOLES,10,CARRETERA,INDUSTRIAL,INTERSECCIÓN,HABILITADO,1
SAN MATEO,PEATÓN,89,FEMENINO,ÓMNIBUS,MARTES,9,CARRETERA,COMERCIAL,INTERSECCIÓN,NO HABILITADO,1
SUPE PUERTO,NO CONDUCTOR,38,FEMENINO,CAMIÓN,MARTES,11,CARRETERA,COMERCIAL,TRAMO RECTO,NO CORRESPONDE,1
PUCUSANA,NO CONDUCTOR,37,FEMENINO,AUTOMÓVIL,DOMINGO,5,OTRO,RURAL,INTERSECCIÓN,HABILITADO,0
VEGUETA,NO CONDUCTOR,74,FEMENINO,OTRO,SÁBADO,19,CARRETERA,RURAL,INTERSECCIÓN,NO HABILITADO,1
LURIN,PEATÓN,65,FEMENINO,AUTOMÓVIL,MARTES,19,AVENIDA,INDUSTRIAL,INTERSECCIÓN,NO HABILITADO,0
PUNTA HERMOSA,PEATÓN,68,MASCULINO,ÓMNIBUS,VIERNES,17,AVENIDA,RESIDENCIAL,TRAMO RECTO,NO HABILITADO,1
LURIN,PEATÓN,32,MASCULINO,MOTOCICLETA,MIÉRCOLES,10,CARRETERA,RESIDENCIAL,TRAMO RECTO,HABILITADO,0
SANTA CRUZ DE ANDAMARCA,NO CONDUCTOR,60,MASCULINO,CAMIÓN,MARTES,1,AVENIDA,COMERCIAL,OTRO,HABILITADO,1
SANTA CRUZ DE ANDAMARCA,NO CONDUCTOR,91,MASCULINO,CAMIÓN,MARTES,16,OTRO,ESCOLAR,TRAMO RECTO,NO HABILITADO,0
ATE,NO CONDUCTOR,92,MASCULINO,CAMIÓN,LUNES,17,CARRETERA,RESIDENCIAL,INTERSECCIÓN,NO HABILITADO,1
CAJATAMBO,PEATÓN,62,FEMENINO,OTRO,MIÉRCOLES,4,OTRO,RESIDENCIAL,OTRO,NO CORRESPONDE,1
CHORRILLOS,CONDUCTOR,64,MASCULINO,MOTOCICLETA,MIÉRCOLES,7,AVENIDA,RESIDENCIAL,TRAMO RECTO,HABILITADO,0
PACHANGARA,NO CONDUCTOR,30,FEMENINO,TRIMOTO PASAJERO,DOMINGO,17,CARRETERA,COMERCIAL,INTERSECCIÓN,NO HABILITADO,1
CHICLA,PEATÓN,63,MASCULINO,AUTOMÓVIL,MARTES,22,CARRETERA,ESCOLAR,TRAMO RECTO,HABILITADO,0
JESUS MARIA,CONDUCTOR,9,FEMENINO,MOTOCICLETA,SÁBADO,13,OTRO,INDUSTRIAL,TRAMO RECTO,NO CORRESPONDE,0
SAYAN,CONDUCTOR,27,FEMENINO,CAMIONETA RURAL,JUEVES,18,CARRETERA,RESIDENCIAL,OTRO,NO CORRESPONDE,1
ANCON,PEATÓN,98,MASCULINO,ÓMNIBUS,DOMINGO,1,AVENIDA,COMERCIAL,INTERSECCIÓN,NO HABILITADO,0
CHACLACAYO,PEATÓN,77,MASCULINO,CAMIÓN,MIÉRCOLES,14,AVENIDA,INDUSTRIAL,TRAMO RECTO,HABILITADO,1
LURIN,PEATÓN,89,MASCULINO,MOTOCICLETA,MARTES,3,CARRETERA,RURAL,TRAMO RECTO,NO CORRESPONDE,0
BARRANCO,CONDUCTOR,61,MASCULINO,CAMIÓN,VIERNES,20,AVENIDA,INDUSTRIAL,OTRO,NO HABILITADO,1
BARRANCA,NO CONDUCTOR,19,FEMENINO,ÓMNIBUS,DOMINGO,14,CARRETERA,INDUSTRIAL,TRAMO RECTO,NO CORRESPONDE,0
VEGUETA,PEATÓN,37,MASCULINO,MOTOCICLETA,MIÉRCOLES,18,CARRETERA,INDUSTRIAL,INTERSECCIÓN,HABILITADO,0
PACHACAMAC,NO CONDUCTOR,57,MASCULINO,OTRO,DOMINGO,11,AVENIDA,ESCOLAR,OTRO,HABILITADO,0
SUPE PUERTO,NO CONDUCTOR,93,FEMENINO,CAMIONETA RURAL,MIÉRCOLES,20,CARRETERA,ESCOLAR,INTERSECCIÓN,HABILITADO,1
CHICLA,PEATÓN,53,FEMENINO,CAMIONETA RURAL,DOMINGO,16,CARRETERA,INDUSTRIAL,OTRO,HABILITADO,0
MATUCANA,PEATÓN,19,MASCULINO,MOTOCICLETA,MARTES,14,AVENIDA,COMERCIAL,OTRO,NO CORRESPONDE,0
JESUS MARIA,PEATÓN,93,FEMENINO,OTRO,SÁBADO,20,OTRO,INDUSTRIAL,OTRO,NO HABILITADO,0
MAGDALENA DEL MAR,PEATÓN,37,MASCULINO,AUTOMÓVIL,JUEVES,3,CARRETERA,COMERCIAL,INTERSECCIÓN,HABILITADO,1
CIENEGUILLA,PEATÓN,74,FEMENINO,CAMIÓN,VIERNES,23,AVENIDA,RESIDENCIAL,INTERSECCIÓN,NO CORRESPONDE,0
LA VICTORIA,NO CONDUCTOR,29,MASCULINO,MOTOCICLETA,MARTES,20,AVENIDA,RURAL,INTERSECCIÓN,HABILITADO,0
BARRANCO,NO CONDUCTOR,8,MASCULINO,CAMIONETA RURAL,VIERNES,20,CARRETERA,RESIDENCIAL,INTERSECCIÓN,NO CORRESPONDE,1
SAN JUAN DE LURIGANCHO,PEATÓN,12,FEMENINO,OTRO,SÁBADO,22,OTRO,RURAL,OTRO,NO CORRESPONDE,0
COMAS,CONDUCTOR,53,MASCULINO,MOTOCICLETA,MIÉRCOLES,8,CARRETERA,INDUSTRIAL,OTRO,NO CORRESPONDE,1
PATIVILCA,PEATÓN,30,FEMENINO,ÓMNIBUS,MARTES,5,OTRO,RESIDENCIAL,INTERSECCIÓN,NO CORRESPONDE,0
HUALMAY,CONDUCTOR,28,MASCULINO,OTRO,MIÉRCOLES,3,CARRETERA,RURAL,OTRO,NO CORRESPONDE,0
CHECRAS,PEATÓN,6,MASCULINO,MOTOCICLETA,MIÉRCOLES,23,CARRETERA,ESCOLAR,INTERSECCIÓN,NO CORRESPONDE,1
OYON,PEATÓN,81,FEMENINO,AUTOMÓVIL,SÁBADO,17,OTRO,RURAL,TRAMO RECTO,NO HABILITADO,1
MANAS,CONDUCTOR,51,MASCULINO,CAMIONETA RURAL,VIERNES,5,CARRETERA,INDUSTRIAL,OTRO,NO CORRESPONDE,0
BARRANCA,NO CONDUCTOR,63,MASCULINO,MOTOCICLETA,MIÉRCOLES,4,OTRO,INDUSTRIAL,TRAMO RECTO,NO HABILITADO,0
SAN MIGUEL DE ACOS,PEATÓN,75,MASCULINO,TRIMOTO PASAJERO,MARTES,10,AVENIDA,RESIDENCIAL,TRAMO RECTO,NO CORRESPONDE,0
RIMAC,NO CONDUCTOR,53,MASCULINO,TRIMOTO PASAJERO,VIERNES,11,AVENIDA,INDUSTRIAL,OTRO,HABILITADO,1
VEGUETA,NO CONDUCTOR,12,FEMENINO,ÓMNIBUS,DOMINGO,13,AVENIDA,RESIDENCIAL,TRAMO RECTO,NO CORRESPONDE,0
PACHACAMAC,NO CONDUCTOR,36,MASCULINO,MOTOCICLETA,JUEVES,11,OTRO,ESCOLAR,OTRO,HABILITADO,1
LURIN,NO CONDUCTOR,24,FEMENINO,TRIMOTO PASAJERO,SÁBADO,13,OTRO,RURAL,INTERSECCIÓN,NO HABILITADO,1
SANTA MARIA,CONDUCTOR,74,MASCULINO,TRIMOTO PASAJERO,MARTES,16,OTRO,COMERCIAL,OTRO,NO HABILITADO,1
PACHACAMAC,PEATÓN,62,FEMENINO,AUTOMÓVIL,MIÉRCOLES,1,OTRO,RESIDENCIAL,INTERSECCIÓN,HABILITADO,0
LURIGANCHO,CONDUCTOR,76,FEMENINO,ÓMNIBUS,SÁBADO,11,CARRETERA,RURAL,OTRO,NO CORRESPONDE,1
CHECRAS,PEATÓN,1,MASCULINO,CAMIÓN,LUNES,9,CARRETERA,INDUSTRIAL,TRAMO RECTO,NO CORRESPONDE,1
HUALMAY,CONDUCTOR,52,MASCULINO,TRIMOTO PASAJERO,MARTES,6,CARRETERA,INDUSTRIAL,TRAMO RECTO,NO CORRESPONDE,1
MAGDALENA DEL MAR,PEATÓN,0,MASCULINO,ÓMNIBUS,SÁBADO,23,OTRO,RURAL,INTERSECCIÓN,NO HABILITADO,1
RIMAC,NO CONDUCTOR,88,FEMENINO,MOTOCICLETA,MIÉRCOLES,4,OTRO,COMERCIAL,TRAMO RECTO,NO CORRESPONDE,1
BREÑA,NO CONDUCTOR,38,FEMENINO,TRIMOTO PASAJERO,MARTES,1,OTRO,ESCOLAR,INTERSECCIÓN,NO CORRESPONDE,1
BREÑA,CONDUCTOR,13,FEMENINO,OTRO,SÁBADO,13,AVENIDA,RURAL,OTRO,NO HABILITADO,0
LURIGANCHO,NO CONDUCTOR,19,MASCULINO,MOTOCICLETA,LUNES,22,AVENIDA,COMERCIAL,OTRO,NO CORRESPONDE,0
BARRANCO,CONDUCTOR,37,MASCULINO,TRIMOTO PASAJERO,JUEVES,13,CARRETERA,RURAL,TRAMO RECTO,NO HABILITADO,0
SAN ISIDRO,PEATÓN,57,MASCULINO,TRIMOTO PASAJERO,JUEVES,18,AVENIDA,INDUSTRIAL,TRAMO RECTO,NO CORRESPONDE,0
AUCALLAMA,NO CONDUCTOR,47,MASCULINO,ÓMNIBUS,VIERNES,13,AVENIDA,RURAL,INTERSECCIÓN,NO CORRESPONDE,1
VILLA EL SALVADOR,PEATÓN,94,FEMENINO,ÓMNIBUS,VIERNES,10,CARRETERA,RESIDENCIAL,TRAMO RECTO,HABILITADO,1
SANTA MARIA,CONDUCTOR,0,FEMENINO,AUTOMÓVIL,LUNES,20,AVENIDA,RESIDENCIAL,INTERSECCIÓN,NO HABILITADO,0
HUARAL,CONDUCTOR,73,MASCULINO,MOTOCICLETA,DOMINGO,4,OTRO,ESCOLAR,OTRO,HABILITADO,1
SAN MATEO,NO CONDUCTOR,58,MASCULINO,ÓMNIBUS,LUNES,10,CARRETERA,RESIDENCIAL,TRAMO RECTO,NO CORRESPONDE,0
VEGUETA,PEATÓN,40,MASCULINO,CAMIONETA RURAL,MARTES,14,OTRO,RURAL,TRAMO RECTO,NO CORRESPONDE,1
PUEBLO LIBRE,CONDUCTOR,23,MASCULINO,MOTOCICLETA,VIERNES,21,AVENIDA,RURAL,OTRO,NO HABILITADO,0
ATAVILLOS ALTO,PEATÓN,45,FEMENINO,AUTOMÓVIL,MARTES,4,CARRETERA,COMERCIAL,TRAMO RECTO,NO CORRESPONDE,1
TANTA,CONDUCTOR,48,FEMENINO,AUTOMÓVIL,VIERNES,8,AVENIDA,RURAL,TRAMO RECTO,NO CORRESPONDE,1
HUANCAPON,CONDUCTOR,12,FEMENINO,AUTOMÓVIL,MARTES,4,OTRO,RURAL,TRAMO RECTO,HABILITADO,0
SANTA CRUZ DE ANDAMARCA,PEATÓN,15,FEMENINO,CAMIONETA RURAL,MARTES,20,CARRETERA,COMERCIAL,OTRO,NO CORRESPONDE,0
NAVAN,PEATÓN,88,FEMENINO,CAMIÓN,MIÉRCOLES,2,CARRETERA,COMERCIAL,OTRO,NO CORRESPONDE,1
SAN MARTIN DE PORRES,PEATÓN,61,MASCULINO,ÓMNIBUS,JUEVES,4,AVENIDA,COMERCIAL,INTERSECCIÓN,NO HABILITADO,1
LOS OLIVOS,NO CONDUCTOR,14,FEMENINO,CAMIONETA RURAL,DOMINGO,17,CARRETERA,COMERCIAL,OTRO,HABILITADO,0
CIENEGUILLA,PEATÓN,13,FEMENINO,AUTOMÓVIL,MIÉRCOLES,12,CARRETERA,RESIDENCIAL,TRAMO RECTO,NO HABILITADO,1
RICARDO PALMA,PEATÓN,45,MASCULINO,OTRO,DOMINGO,11,AVENIDA,ESCOLAR,INTERSECCIÓN,HABILITADO,1
HUALMAY,PEATÓN,88,MASCULINO,CAMIONETA RURAL,VIERNES,6,AVENIDA,ESCOLAR,TRAMO RECTO,NO HABILITADO,0
BARRANCO,CONDUCTOR,49,MASCULINO,MOTOCICLETA,JUEVES,21,CARRETERA,RESIDENCIAL,TRAMO RECTO,NO HABILITADO,1
SURQUILLO,NO CONDUCTOR,73,FEMENINO,ÓMNIBUS,SÁBADO,5,CARRETERA,RESIDENCIAL,OTRO,HABILITADO,0
SAN MIGUEL DE ACOS,PEATÓN,33,MASCULINO,TRIMOTO PASAJERO,VIERNES,19,OTRO,ESCOLAR,INTERSECCIÓN,HABILITADO,0
CHACLACAYO,NO CONDUCTOR,49,MASCULINO,AUTOMÓVIL,VIERNES,16,AVENIDA,RESIDENCIAL,INTERSECCIÓN,NO HABILITADO,1
SAN JUAN DE LURIGANCHO,NO CONDUCTOR,96,FEMENINO,MOTOCICLETA,DOMINGO,22,OTRO,RESIDENCIAL,INTERSECCIÓN,HABILITADO,1
ANCON,CONDUCTOR,69,MASCULINO,AUTOMÓVIL,VIERNES,21,OTRO,COMERCIAL,TRAMO RECTO,NO CORRESPONDE,1
SAYAN,CONDUCTOR,34,FEMENINO,OTRO,MIÉRCOLES,20,CARRETERA,RURAL,OTRO,HABILITADO,1
PUENTE PIEDRA,PEATÓN,1,MASCULINO,CAMIÓN,MIÉRCOLES,4,OTRO,RURAL,TRAMO RECTO,NO CORRESPONDE,0
BARRANCA,CONDUCTOR,51,FEMENINO,CAMIONETA RURAL,JUEVES,6,CARRETERA,RESIDENCIAL,TRAMO RECTO,HABILITADO,1
SANTA CRUZ DE ANDAMARCA,PEATÓN,25,FEMENINO,MOTOCICLETA,VIERNES,21,CARRETERA,RURAL,TRAMO RECTO,NO HABILITADO,0
EL AGUSTINO,PEATÓN,33,FEMENINO,CAMIONETA RURAL,DOMINGO,23,AVENIDA,RURAL,INTERSECCIÓN,HABILITADO,1
JESUS MARIA,CONDUCTOR,15,MASCULINO,CAMIÓN,DOMINGO,11,CARRETERA,RESIDENCIAL,INTERSECCIÓN,NO CORRESPONDE,1
SAN BARTOLO,PEATÓN,84,MASCULINO,CAMIONETA RURAL,MARTES,9,OTRO,RESIDENCIAL,OTRO,HABILITADO,0
PUEBLO LIBRE,CONDUCTOR,74,FEMENINO,CAMIONETA RURAL,JUEVES,5,AVENIDA,COMERCIAL,TRAMO RECTO,NO CORRESPONDE,1
LURIGANCHO,CONDUCTOR,79,MASCULINO,CAMIONETA RURAL,VIERNES,22,OTRO,ESCOLAR,OTRO,NO HABILITADO,0
CIENEGUILLA,CONDUCTOR,42,MASCULINO,OTRO,LUNES,12,OTRO,ESCOLAR,OTRO,NO CORRESPONDE,0
ATAVILLOS ALTO,CONDUCTOR,87,MASCULINO,CAMIONETA RURAL,VIERNES,4,CARRETERA,INDUSTRIAL,OTRO,NO HABILITADO,0
PUENTE PIEDRA,CONDUCTOR,78,MASCULINO,CAMIONETA RURAL,JUEVES,10,AVENIDA,INDUSTRIAL,OTRO,NO CORRESPONDE,1
SAN ISIDRO,PEATÓN,23,FEMENINO,ÓMNIBUS,DOMINGO,3,CARRETERA,COMERCIAL,INTERSECCIÓN,NO CORRESPONDE,0
PACCHO,PEATÓN,31,FEMENINO,AUTOMÓVIL,JUEVES,12,OTRO,RESIDENCIAL,OTRO,NO HABILITADO,1
VILLA MARIA DEL TRIUNFO,CONDUCTOR,21,FEMENINO,ÓMNIBUS,JUEVES,6,AVENIDA,COMERCIAL,INTERSECCIÓN,NO CORRESPONDE,1
PACHANGARA,PEATÓN,84,MASCULINO,ÓMNIBUS,MIÉRCOLES,6,OTRO,RURAL,INTERSECCIÓN,NO HABILITADO,0
MALA,PEATÓN,69,MASCULINO,ÓMNIBUS,JUEVES,13,OTRO,RURAL,INTERSECCIÓN,NO HABILITADO,0
BARRANCA,CONDUCTOR,14,MASCULINO,CAMIÓN,SÁBADO,10,AVENIDA,RESIDENCIAL,INTERSECCIÓN,NO HABILITADO,1
ATE,NO CONDUCTOR,40,MASCULINO,CAMIONETA RURAL,MIÉRCOLES,3,CARRETERA,RESIDENCIAL,OTRO,HABILITADO,0
SANTA MARIA,CONDUCTOR,66,MASCULINO,TRIMOTO PASAJERO,DOMINGO,9,CARRETERA,RURAL,OTRO,NO HABILITADO,0
MATUCANA,CONDUCTOR,55,MASCULINO,TRIMOTO PASAJERO,DOMINGO,3,OTRO,COMERCIAL,TRAMO RECTO,NO CORRESPONDE,0
ATE,CONDUCTOR,45,FEMENINO,OTRO,JUEVES,22,CARRETERA,RESIDENCIAL,INTERSECCIÓN,HABILITADO,0
SAN VICENTE DE CAÑETE,PEATÓN,42,FEMENINO,ÓMNIBUS,DOMINGO,3,OTRO,INDUSTRIAL,INTERSECCIÓN,NO CORRESPONDE,0
AUCALLAMA,CONDUCTOR,4,FEMENINO,CAMIÓN,JUEVES,4,OTRO,INDUSTRIAL,INTERSECCIÓN,HABILITADO,0
CHORRILLOS,NO CONDUCTOR,23,MASCULINO,TRIMOTO PASAJERO,MARTES,13,CARRETERA,INDUSTRIAL,OTRO,NO CORRESPONDE,0
SURQUILLO,CONDUCTOR,34,MASCULINO,OTRO,VIERNES,10,AVENIDA,ESCOLAR,INTERSECCIÓN,NO HABILITADO,0
MATUCANA,NO CONDUCTOR,9,MASCULINO,MOTOCICLETA,SÁBADO,7,OTRO,INDUSTRIAL,TRAMO RECTO,NO HABILITADO,0
ATAVILLOS ALTO,CONDUCTOR,78,FEMENINO,CAMIÓN,SÁBADO,15,AVENIDA,RURAL,INTERSECCIÓN,NO CORRESPONDE,0
VILLA MARIA DEL TRIUNFO,PEATÓN,36,FEMENINO,ÓMNIBUS,JUEVES,21,AVENIDA,INDUSTRIAL,OTRO,NO CORRESPONDE,1
RIMAC,CONDUCTOR,25,MASCULINO,TRIMOTO PASAJERO,MIÉRCOLES,21,AVENIDA,RESIDENCIAL,TRAMO RECTO,NO CORRESPONDE,0
MATUCANA,PEATÓN,22,MASCULINO,CAMIONETA RURAL,SÁBADO,13,OTRO,RESIDENCIAL,TRAMO RECTO,HABILITADO,1
HUALMAY,CONDUCTOR,97,FEMENINO,CAMIÓN,LUNES,23,CARRETERA,INDUSTRIAL,OTRO,HABILITADO,1
INDEPENDENCIA,CONDUCTOR,98,FEMENINO,OTRO,DOMINGO,7,CARRETERA,ESCOLAR,OTRO,NO CORRESPONDE,1
SAN BARTOLO,NO CONDUCTOR,35,MASCULINO,ÓMNIBUS,JUEVES,23,AVENIDA,RURAL,INTERSECCIÓN,HABILITADO,1
RIMAC,NO CONDUCTOR,79,FEMENINO,CAMIONETA RURAL,LUNES,22,OTRO,INDUSTRIAL,OTRO,HABILITADO,1
SANTA ROSA,CONDUCTOR,24,FEMENINO,CAMIÓN,JUEVES,3,AVENIDA,RESIDENCIAL,OTRO,NO CORRESPONDE,0
PUNTA HERMOSA,NO CONDUCTOR,25,MASCULINO,MOTOCICLETA,LUNES,11,OTRO,COMERCIAL,OTRO,NO HABILITADO,1
INDEPENDENCIA,PEATÓN,22,FEMENINO,OTRO,JUEVES,2,CARRETERA,RURAL,TRAMO RECTO,NO CORRESPONDE,0
SANTA CRUZ DE ANDAMARCA,PEATÓN,29,MASCULINO,AUTOMÓVIL,MARTES,5,CARRETERA,RURAL,OTRO,NO CORRESPONDE,0
PACHANGARA,NO CONDUCTOR,50,FEMENINO,AUTOMÓVIL,SÁBADO,10,OTRO,ESCOLAR,OTRO,NO HABILITADO,1
LURIGANCHO,PEATÓN,9,MASCULINO,CAMIÓN,MARTES,16,OTRO,ESCOLAR,INTERSECCIÓN,NO CORRESPONDE,0
MANAS,PEATÓN,0,MASCULINO,TRIMOTO PASAJERO,MIÉRCOLES,22,CARRETERA,RURAL,TRAMO RECTO,NO CORRESPONDE,1
SANTIAGO DE SURCO,CONDUCTOR,69,MASCULINO,OTRO,MIÉRCOLES,18,AVENIDA,ESCOLAR,TRAMO RECTO,HABILITADO,0
SUPE,NO CONDUCTOR,87,FEMENINO,ÓMNIBUS,LUNES,5,AVENIDA,RURAL,INTERSECCIÓN,HABILITADO,1
CARABAYLLO,CONDUCTOR,47,FEMENINO,CAMIÓN,MIÉRCOLES,8,CARRETERA,ESCOLAR,OTRO,HABILITADO,1
SAN VICENTE DE CAÑETE,CONDUCTOR,35,MASCULINO,MOTOCICLETA,DOMINGO,1,CARRETERA,INDUSTRIAL,INTERSECCIÓN,NO CORRESPONDE,0
ANCON,NO CONDUCTOR,22,FEMENINO,CAMIONETA RURAL,JUEVES,8,OTRO,INDUSTRIAL,INTERSECCIÓN,NO HABILITADO,1
SAN JUAN DE MIRAFLORES,PEATÓN,70,MASCULINO,ÓMNIBUS,JUEVES,14,CARRETERA,INDUSTRIAL,OTRO,NO CORRESPONDE,1
PACHACAMAC,NO CONDUCTOR,86,FEMENINO,TRIMOTO PASAJERO,MIÉRCOLES,20,CARRETERA,COMERCIAL,OTRO,NO CORRESPONDE,1
PUCUSANA,NO CONDUCTOR,99,MASCULINO,CAMIÓN,DOMINGO,17,CARRETERA,ESCOLAR,OTRO,NO CORRESPONDE,0
PATIVILCA,NO CONDUCTOR,10,MASCULINO,TRIMOTO PASAJERO,JUEVES,17,AVENIDA,ESCOLAR,OTRO,NO HABILITADO,0
CHACLACAYO,PEATÓN,96,FEMENINO,TRIMOTO PASAJERO,DOMINGO,23,OTRO,RESIDENCIAL,OTRO,HABILITADO,1
SAN MIGUEL,NO CONDUCTOR,79,FEMENINO,OTRO,VIERNES,9,CARRETERA,COMERCIAL,TRAMO RECTO,HABILITADO,1
RICARDO PALMA,PEATÓN,1,FEMENINO,CAMIONETA RURAL,JUEVES,3,AVENIDA,RESIDENCIAL,INTERSECCIÓN,HABILITADO,0
PACHANGARA,NO CONDUCTOR,100,MASCULINO,TRIMOTO PASAJERO,SÁBADO,21,OTRO,RESIDENCIAL,TRAMO RECTO,HABILITADO,1
HUALMAY,NO CONDUCTOR,74,FEMENINO,ÓMNIBUS,JUEVES,14,AVENIDA,COMERCIAL,TRAMO RECTO,HABILITADO,0
SANTA ANITA,NO CONDUCTOR,29,MASCULINO,TRIMOTO PASAJERO,MIÉRCOLES,11,OTRO,INDUSTRIAL,TRAMO RECTO,HABILITADO,1
INDEPENDENCIA,NO CONDUCTOR,12,FEMENINO,TRIMOTO PASAJERO,MIÉRCOLES,21,OTRO,INDUSTRIAL,TRAMO RECTO,HABILITADO,1
CHORRILLOS,NO CONDUCTOR,42,MASCULINO,CAMIONETA RURAL,MARTES,2,CARRETERA,ESCOLAR,INTERSECCIÓN,NO HABILITADO,1
SUPE PUERTO,PEATÓN,6,FEMENINO,CAMIONETA RURAL,MIÉRCOLES,17,OTRO,ESCOLAR,TRAMO RECTO,NO CORRESPONDE,0
RIMAC,CONDUCTOR,47,MASCULINO,OTRO,DOMINGO,14,AVENIDA,COMERCIAL,TRAMO RECTO,HABILITADO,0
CHANCAY,CONDUCTOR,6,FEMENINO,TRIMOTO PASAJERO,MARTES,2,OTRO,ESCOLAR,TRAMO RECTO,NO HABILITADO,0
TANTA,NO CONDUCTOR,21,FEMENINO,CAMIÓN,SÁBADO,5,OTRO,RURAL,INTERSECCIÓN,NO CORRESPONDE,0
LA VICTORIA,PEATÓN,7,FEMENINO,CAMIÓN,MIÉRCOLES,22,CARRETERA,COMERCIAL,TRAMO RECTO,HABILITADO,0
MALA,NO CONDUCTOR,13,FEMENINO,TRIMOTO PASAJERO,JUEVES,15,AVENIDA,RURAL,OTRO,NO CORRESPONDE,0
MANAS,CONDUCTOR,45,FEMENINO,OTRO,LUNES,8,CARRETERA,RURAL,OTRO,NO HABILITADO,0
CHORRILLOS,NO CONDUCTOR,23,FEMENINO,CAMIÓN,DOMINGO,3,OTRO,RESIDENCIAL,TRAMO RECTO,HABILITADO,1
SAN JUAN DE LURIGANCHO,PEATÓN,90,MASCULINO,AUTOMÓVIL,DOMINGO,10,OTRO,INDUSTRIAL,TRAMO RECTO,NO HABILITADO,0
CIENEGUILLA,CONDUCTOR,32,MASCULINO,CAMIONETA RURAL,VIERNES,9,OTRO,COMERCIAL,TRAMO RECTO,NO HABILITADO,0
RIMAC,CONDUCTOR,19,FEMENINO,ÓMNIBUS,LUNES,5,AVENIDA,COMERCIAL,TRAMO RECTO,NO HABILITADO,1
SANTA CRUZ DE ANDAMARCA,NO CONDUCTOR,98,FEMENINO,CAMIÓN,JUEVES,5,AVENIDA,RURAL,INTERSECCIÓN,NO HABILITADO,1
COMAS,NO CONDUCTOR,96,MASCULINO,ÓMNIBUS,MIÉRCOLES,23,AVENIDA,ESCOLAR,OTRO,HABILITADO,0
SAN LUIS,NO CONDUCTOR,33,MASCULINO,ÓMNIBUS,JUEVES,17,AVENIDA,RURAL,TRAMO RECTO,NO HABILITADO,0
SAN JUAN DE LURIGANCHO,CONDUCTOR,38,FEMENINO,TRIMOTO PASAJERO,SÁBADO,16,OTRO,ESCOLAR,TRAMO RECTO,NO HABILITADO,0
CHILCA,NO CONDUCTOR,91,MASCULINO,MOTOCICLETA,MARTES,10,AVENIDA,ESCOLAR,TRAMO RECTO,NO HABILITADO,1
SAN MIGUEL,NO CONDUCTOR,33,FEMENINO,CAMIÓN,DOMINGO,14,OTRO,COMERCIAL,TRAMO RECTO,NO CORRESPONDE,1
JESUS MARIA,NO CONDUCTOR,95,FEMENINO,OTRO,VIERNES,7,AVENIDA,ESCOLAR,TRAMO RECTO,NO HABILITADO,1
LA VICTORIA,PEATÓN,27,FEMENINO,ÓMNIBUS,VIERNES,1,CARRETERA,ESCOLAR,TRAMO RECTO,NO CORRESPONDE,0
BARRANCA,NO CONDUCTOR,44,FEMENINO,MOTOCICLETA,MARTES,15,OTRO,ESCOLAR,TRAMO RECTO,NO CORRESPONDE,1
SUPE PUERTO,NO CONDUCTOR,16,MASCULINO,TRIMOTO PASAJERO,VIERNES,16,CARRETERA,RESIDENCIAL,TRAMO RECTO,NO HABILITADO,1
PACHANGARA,CONDUCTOR,40,MASCULINO,CAMIÓN,MIÉRCOLES,3,AVENIDA,INDUSTRIAL,INTERSECCIÓN,NO HABILITADO,1
LOS OLIVOS,NO CONDUCTOR,41,FEMENINO,CAMIONETA RURAL,JUEVES,12,AVENIDA,RESIDENCIAL,INTERSECCIÓN,NO HABILITADO,0
SAN ISIDRO,PEATÓN,49,FEMENINO,AUTOMÓVIL,LUNES,1,CARRETERA,COMERCIAL,TRAMO RECTO,HABILITADO,0
LIMA,PEATÓN,70,FEMENINO,OTRO,MIÉRCOLES,13,OTRO,RURAL,OTRO,NO HABILITADO,1
PACHACAMAC,NO CONDUCTOR,39,FEMENINO,CAMIÓN,VIERNES,16,AVENIDA,INDUSTRIAL,TRAMO RECTO,HABILITADO,0
PARAMONGA,NO CONDUCTOR,98,FEMENINO,TRIMOTO PASAJERO,SÁBADO,14,OTRO,ESCOLAR,OTRO,NO CORRESPONDE,0
LOS OLIVOS,PEATÓN,48,MASCULINO,AUTOMÓVIL,LUNES,13,AVENIDA,RURAL,OTRO,NO CORRESPONDE,0
LA MOLINA,NO CONDUCTOR,85,FEMENINO,TRIMOTO PASAJERO,DOMINGO,18,OTRO,RESIDENCIAL,OTRO,HABILITADO,1
HUACHO,NO CONDUCTOR,23,MASCULINO,ÓMNIBUS,DOMINGO,21,AVENIDA,RESIDENCIAL,INTERSECCIÓN,NO CORRESPONDE,0
SANTA MARIA,NO CONDUCTOR,51,MASCULINO,AUTOMÓVIL,DOMINGO,6,OTRO,RESIDENCIAL,OTRO,HABILITADO,0
NAVAN,NO CONDUCTOR,90,FEMENINO,AUTOMÓVIL,JUEVES,19,AVENIDA,COMERCIAL,TRAMO RECTO,NO CORRESPONDE,0
HUANCAPON,PEATÓN,94,MASCULINO,AUTOMÓVIL,MARTES,20,AVENIDA,INDUSTRIAL,INTERSECCIÓN,HABILITADO,1
EL AGUSTINO,NO CONDUCTOR,9,MASCULINO,OTRO,MIÉRCOLES,20,AVENIDA,ESCOLAR,INTERSECCIÓN,HABILITADO,1
PARAMONGA,PEATÓN,61,FEMENINO,OTRO,SÁBADO,8,CARRETERA,INDUSTRIAL,OTRO,HABILITADO,1
PARAMONGA,PEATÓN,8,MASCULINO,CAMIONETA RURAL,LUNES,5,OTRO,COMERCIAL,OTRO,HABILITADO,0
COMAS,PEATÓN,8,MASCULINO,OTRO,MARTES,22,OTRO,INDUSTRIAL,OTRO,HABILITADO,0
BARRANCA,NO CONDUCTOR,96,FEMENINO,MOTOCICLETA,MIÉRCOLES,21,OTRO,RESIDENCIAL,INTERSECCIÓN,HABILITADO,1
SANTA ROSA,NO CONDUCTOR,67,FEMENINO,OTRO,DOMINGO,20,CARRETERA,ESCOLAR,INTERSECCIÓN,NO CORRESPONDE,1
PACHACAMAC,NO CONDUCTOR,86,FEMENINO,AUTOMÓVIL,VIERNES,15,CARRETERA,RURAL,INTERSECCIÓN,HABILITADO,0
LOS OLIVOS,CONDUCTOR,4,MASCULINO,OTRO,MARTES,15,OTRO,RESIDENCIAL,OTRO,NO HABILITADO,1
CHECRAS,PEATÓN,86,MASCULINO,OTRO,JUEVES,13,CARRETERA,ESCOLAR,INTERSECCIÓN,NO CORRESPONDE,0
PUNTA HERMOSA,PEATÓN,83,FEMENINO,OTRO,LUNES,14,AVENIDA,RESIDENCIAL,TRAMO RECTO,NO CORRESPONDE,1
SAN MIGUEL,NO CONDUCTOR,58,MASCULINO,CAMIÓN,SÁBADO,3,CARRETERA,RURAL,TRAMO RECTO,HABILITADO,1
PACCHO,NO CONDUCTOR,89,MASCULINO,MOTOCICLETA,SÁBADO,15,CARRETERA,INDUSTRIAL,INTERSECCIÓN,NO CORRESPONDE,0
PUEBLO LIBRE,CONDUCTOR,96,FEMENINO,TRIMOTO PASAJERO,LUNES,12,AVENIDA,RESIDENCIAL,OTRO,HABILITADO,0
ATE,NO CONDUCTOR,76,FEMENINO,MOTOCICLETA,MARTES,10,CARRETERA,COMERCIAL,TRAMO RECTO,NO HABILITADO,0
PACHANGARA,CONDUCTOR,67,FEMENINO,AUTOMÓVIL,JUEVES,21,OTRO,COMERCIAL,OTRO,HABILITADO,1
MAGDALENA DEL MAR,CONDUCTOR,39,FEMENINO,MOTOCICLETA,DOMINGO,4,CARRETERA,RURAL,TRAMO RECTO,NO HABILITADO,0
LIMA,NO CONDUCTOR,68,FEMENINO,TRIMOTO PASAJERO,MIÉRCOLES,6,OTRO,INDUSTRIAL,OTRO,NO HABILITADO,1
RIMAC,PEATÓN,79,FEMENINO,TRIMOTO PASAJERO,SÁBADO,21,CARRETERA,INDUSTRIAL,TRAMO RECTO,HABILITADO,0
PUEBLO LIBRE,PEATÓN,88,FEMENINO,MOTOCICLETA,JUEVES,12,CARRETERA,RESIDENCIAL,OTRO,NO HABILITADO,0
SURQUILLO,NO CONDUCTOR,78,MASCULINO,TRIMOTO PASAJERO,LUNES,21,CARRETERA,RESIDENCIAL,OTRO,NO HABILITADO,1
PUCUSANA,CONDUCTOR,11,MASCULINO,MOTOCICLETA,DOMINGO,15,AVENIDA,INDUSTRIAL,INTERSECCIÓN,NO CORRESPONDE,0
HUARAL,PEATÓN,2,FEMENINO,CAMIÓN,LUNES,3,CARRETERA,RESIDENCIAL,TRAMO RECTO,HABILITADO,1
SANTA MARIA,CONDUCTOR,14,MASCULINO,CAMIÓN,JUEVES,18,CARRETERA,ESCOLAR,INTERSECCIÓN,NO HABILITADO,0
SAN JUAN DE LURIGANCHO,PEATÓN,19,MASCULINO,ÓMNIBUS,MARTES,11,CARRETERA,RESIDENCIAL,INTERSECCIÓN,NO HABILITADO,0
LIMA,CONDUCTOR,64,MASCULINO,MOTOCICLETA,JUEVES,6,OTRO,ESCOLAR,OTRO,NO CORRESPONDE,1
HUAURA,NO CONDUCTOR,55,MASCULINO,OTRO,JUEVES,11,AVENIDA,RESIDENCIAL,TRAMO RECTO,NO CORRESPONDE,1
BARRANCA,NO CONDUCTOR,5,FEMENINO,AUTOMÓVIL,DOMINGO,9,OTRO,RURAL,OTRO,HABILITADO,0
JESUS MARIA,NO CONDUCTOR,37,MASCULINO,CAMIÓN,VIERNES,15,AVENIDA,RESIDENCIAL,TRAMO RECTO,NO CORRESPONDE,0
JESUS MARIA,PEATÓN,27,FEMENINO,CAMIONETA RURAL,MARTES,2,AVENIDA,INDUSTRIAL,INTERSECCIÓN,NO HABILITADO,1
LURIN,NO CONDUCTOR,51,MASCULINO,AUTOMÓVIL,VIERNES,20,OTRO,RURAL,TRAMO RECTO,NO CORRESPONDE,0
SANTA ANITA,CONDUCTOR,94,MASCULINO,MOTOCICLETA,DOMINGO,2,CARRETERA,RESIDENCIAL,INTERSECCIÓN,NO HABILITADO,0
HUACHO,PEATÓN,78,MASCULINO,CAMIÓN,SÁBADO,17,CARRETERA,RURAL,INTERSECCIÓN,NO HABILITADO,0
LA MOLINA,CONDUCTOR,96,MASCULINO,CAMIÓN,MARTES,22,OTRO,INDUSTRIAL,OTRO,HABILITADO,0
CHACLACAYO,NO CONDUCTOR,26,MASCULINO,TRIMOTO PASAJERO,MARTES,19,CARRETERA,RURAL,OTRO,NO CORRESPONDE,0
JESUS MARIA,PEATÓN,69,FEMENINO,MOTOCICLETA,MARTES,11,OTRO,ESCOLAR,INTERSECCIÓN,HABILITADO,1
PATIVILCA,NO CONDUCTOR,40,FEMENINO,TRIMOTO PASAJERO,DOMINGO,9,CARRETERA,ESCOLAR,OTRO,HABILITADO,0
LOS OLIVOS,NO CONDUCTOR,62,MASCULINO,AUTOMÓVIL,LUNES,14,CARRETERA,RURAL,OTRO,HABILITADO,0
HUACHO,CONDUCTOR,81,FEMENINO,CAMIONETA RURAL,MARTES,3,AVENIDA,ESCOLAR,TRAMO RECTO,NO CORRESPONDE,1
HUALMAY,NO CONDUCTOR,62,MASCULINO,TRIMOTO PASAJERO,SÁBADO,21,CARRETERA,INDUSTRIAL,OTRO,HABILITADO,0
OYON,CONDUCTOR,32,MASCULINO,OTRO,LUNES,21,AVENIDA,ESCOLAR,INTERSECCIÓN,HABILITADO,0
RICARDO PALMA,NO CONDUCTOR,95,FEMENINO,OTRO,JUEVES,18,OTRO,RURAL,TRAMO RECTO,NO HABILITADO,0
BARRANCA,CONDUCTOR,89,MASCULINO,CAMIÓN,JUEVES,6,AVENIDA,RESIDENCIAL,OTRO,NO CORRESPONDE,0
SAYAN,CONDUCTOR,73,FEMENINO,CAMIÓN,LUNES,11,OTRO,INDUSTRIAL,OTRO,HABILITADO,1
PATIVILCA,PEATÓN,34,MASCULINO,MOTOCICLETA,VIERNES,13,CARRETERA,INDUSTRIAL,OTRO,NO HABILITADO,1
SANTIAGO DE SURCO,CONDUCTOR,65,MASCULINO,MOTOCICLETA,MARTES,12,CARRETERA,ESCOLAR,INTERSECCIÓN,HABILITADO,0
CHORRILLOS,PEATÓN,37,FEMENINO,MOTOCICLETA,MARTES,18,AVENIDA,INDUSTRIAL,TRAMO RECTO,HABILITADO,0
NAVAN,PEATÓN,21,FEMENINO,CAMIONETA RURAL,SÁBADO,6,OTRO,INDUSTRIAL,TRAMO RECTO,HABILITADO,1
TANTA,PEATÓN,55,MASCULINO,CAMIÓN,JUEVES,18,AVENIDA,ESCOLAR,INTERSECCIÓN,HABILITADO,0
COMAS,NO CONDUCTOR,11,FEMENINO,OTRO,DOMINGO,9,AVENIDA,COMERCIAL,TRAMO RECTO,NO HABILITADO,1
PACCHO,CONDUCTOR,85,MASCULINO,TRIMOTO PASAJERO,MARTES,6,CARRETERA,COMERCIAL,OTRO,NO HABILITADO,1
SAN ISIDRO,CONDUCTOR,16,MASCULINO,AUTOMÓVIL,JUEVES,22,OTRO,COMERCIAL,OTRO,NO CORRESPONDE,1
LOS OLIVOS,CONDUCTOR,58,MASCULINO,MOTOCICLETA,MARTES,9,CARRETERA,RURAL,TRAMO RECTO,NO HABILITADO,1
SAN MIGUEL,NO CONDUCTOR,98,MASCULINO,MOTOCICLETA,SÁBADO,1,CARRETERA,RESIDENCIAL,OTRO,NO HABILITADO,0
HUACHO,PEATÓN,81,MASCULINO,MOTOCICLETA,MIÉRCOLES,21,OTRO,INDUSTRIAL,OTRO,HABILITADO,0
AUCALLAMA,CONDUCTOR,32,FEMENINO,AUTOMÓVIL,LUNES,18,AVENIDA,RESIDENCIAL,OTRO,HABILITADO,1
SAN JUAN DE LURIGANCHO,PEATÓN,25,FEMENINO,OTRO,MARTES,7,AVENIDA,INDUSTRIAL,OTRO,NO CORRESPONDE,0
HUAURA,PEATÓN,47,MASCULINO,OTRO,MIÉRCOLES,20,CARRETERA,RURAL,INTERSECCIÓN,NO CORRESPONDE,0
SANTIAGO DE SURCO,PEATÓN,12,MASCULINO,OTRO,DOMINGO,1,CARRETERA,RURAL,OTRO,HABILITADO,1
LIMA,NO CONDUCTOR,80,FEMENINO,TRIMOTO PASAJERO,LUNES,10,CARRETERA,RESIDENCIAL,OTRO,NO CORRESPONDE,0
NAVAN,PEATÓN,69,FEMENINO,ÓMNIBUS,MARTES,9,AVENIDA,INDUSTRIAL,TRAMO RECTO,NO CORRESPONDE,1
BARRANCA,CONDUCTOR,17,MASCULINO,CAMIONETA RURAL,JUEVES,12,AVENIDA,COMERCIAL,TRAMO RECTO,NO CORRESPONDE,1
LIMA,CONDUCTOR,21,MASCULINO,CAMIONETA RURAL,DOMINGO,6,OTRO,RURAL,OTRO,NO CORRESPONDE,1
PUCUSANA,PEATÓN,19,MASCULINO,MOTOCICLETA,JUEVES,7,AVENIDA,COMERCIAL,OTRO,NO CORRESPONDE,0
VILLA EL SALVADOR,CONDUCTOR,64,FEMENINO,MOTOCICLETA,LUNES,15,CARRETERA,RESIDENCIAL,INTERSECCIÓN,HABILITADO,1
PACHACAMAC,PEATÓN,79,FEMENINO,TRIMOTO PASAJERO,MIÉRCOLES,19,CARRETERA,RESIDENCIAL,INTERSECCIÓN,NO HABILITADO,0
CHICLA,NO CONDUCTOR,10,FEMENINO,CAMIÓN,MARTES,7,AVENIDA,INDUSTRIAL,INTERSECCIÓN,HABILITADO,0
BARRANCO,PEATÓN,41,MASCULINO,AUTOMÓVIL,SÁBADO,16,AVENIDA,COMERCIAL,OTRO,HABILITADO,0
SURQUILLO,NO CONDUCTOR,78,MASCULINO,MOTOCICLETA,DOMINGO,6,CARRETERA,ESCOLAR,TRAMO RECTO,HABILITADO,0
MANAS,NO CONDUCTOR,82,MASCULINO,MOTOCICLETA,JUEVES,20,CARRETERA,COMERCIAL,TRAMO RECTO,HABILITADO,1
BARRANCO,PEATÓN,62,MASCULINO,TRIMOTO PASAJERO,MARTES,1,AVENIDA,ESCOLAR,INTERSECCIÓN,NO CORRESPONDE,1
SAYAN,NO CONDUCTOR,56,FEMENINO,AUTOMÓVIL,DOMINGO,23,OTRO,RURAL,TRAMO RECTO,HABILITADO,0
SANTA ROSA,CONDUCTOR,69,FEMENINO,ÓMNIBUS,LUNES,3,AVENIDA,RESIDENCIAL,OTRO,NO CORRESPONDE,0
CIENEGUILLA,PEATÓN,77,MASCULINO,TRIMOTO PASAJERO,MIÉRCOLES,19,OTRO,COMERCIAL,OTRO,HABILITADO,0
LA MOLINA,NO CONDUCTOR,65,MASCULINO,CAMIÓN,JUEVES,13,OTRO,RURAL,INTERSECCIÓN,HABILITADO,1
SANTA MARIA,CONDUCTOR,91,MASCULINO,MOTOCICLETA,DOMINGO,14,OTRO,COMERCIAL,INTERSECCIÓN,HABILITADO,0
RICARDO PALMA,PEATÓN,61,FEMENINO,AUTOMÓVIL,JUEVES,1,AVENIDA,RURAL,TRAMO RECTO,HABILITADO,1
SAN MIGUEL,PEATÓN,41,MASCULINO,CAMIÓN,VIERNES,23,CARRETERA,RURAL,OTRO,NO CORRESPONDE,1
BARRANCA,NO CONDUCTOR,19,FEMENINO,ÓMNIBUS,MARTES,10,OTRO,INDUSTRIAL,OTRO,NO CORRESPONDE,1
HUACHO,NO CONDUCTOR,53,MASCULINO,TRIMOTO PASAJERO,SÁBADO,15,OTRO,RURAL,TRAMO RECTO,NO CORRESPONDE,1
CIENEGUILLA,PEATÓN,66,MASCULINO,TRIMOTO PASAJERO,LUNES,6,CARRETERA,RURAL,OTRO,HABILITADO,1
JESUS MARIA,PEATÓN,49,MASCULINO,CAMIONETA RURAL,DOMINGO,6,OTRO,INDUSTRIAL,TRAMO RECTO,HABILITADO,0
CHANCAY,CONDUCTOR,49,MASCULINO,AUTOMÓVIL,DOMINGO,7,AVENIDA,RURAL,OTRO,HABILITADO,1
AMBAR,PEATÓN,30,FEMENINO,CAMIONETA RURAL,JUEVES,20,OTRO,COMERCIAL,TRAMO RECTO,NO CORRESPONDE,1
HUAURA,CONDUCTOR,19,FEMENINO,TRIMOTO PASAJERO,DOMINGO,23,AVENIDA,RURAL,OTRO,NO HABILITADO,1
CHICLA,CONDUCTOR,88,MASCULINO,ÓMNIBUS,VIERNES,13,OTRO,INDUSTRIAL,INTERSECCIÓN,HABILITADO,0
SAYAN,PEATÓN,10,MASCULINO,CAMIÓN,JUEVES,15,CARRETERA,RESIDENCIAL,INTERSECCIÓN,NO CORRESPONDE,1
BARRANCA,PEATÓN,67,MASCULINO,OTRO,DOMINGO,18,OTRO,RESIDENCIAL,TRAMO RECTO,NO CORRESPONDE,1
SAN LUIS,NO CONDUCTOR,15,MASCULINO,MOTOCICLETA,DOMINGO,2,AVENIDA,ESCOLAR,TRAMO RECTO,NO HABILITADO,1
CHORRILLOS,NO CONDUCTOR,69,MASCULINO,CAMIÓN,SÁBADO,21,OTRO,RESIDENCIAL,TRAMO RECTO,NO HABILITADO,0
SANTIAGO DE SURCO,CONDUCTOR,4,FEMENINO,OTRO,LUNES,17,CARRETERA,INDUSTRIAL,TRAMO RECTO,NO CORRESPONDE,1
PARAMONGA,NO CONDUCTOR,0,MASCULINO,TRIMOTO PASAJERO,MIÉRCOLES,11,CARRETERA,ESCOLAR,TRAMO RECTO,NO HABILITADO,1
COMAS,NO CONDUCTOR,93,FEMENINO,AUTOMÓVIL,VIERNES,10,CARRETERA,RESIDENCIAL,OTRO,NO CORRESPONDE,0
LA MOLINA,CONDUCTOR,14,MASCULINO,CAMIONETA RURAL,MARTES,22,CARRETERA,COMERCIAL,TRAMO RECTO,NO HABILITADO,1
RICARDO PALMA,NO CONDUCTOR,93,MASCULINO,MOTOCICLETA,MIÉRCOLES,1,OTRO,RESIDENCIAL,TRAMO RECTO,NO HABILITADO,1
PACHACAMAC,PEATÓN,18,FEMENINO,CAMIÓN,DOMINGO,4,OTRO,COMERCIAL,TRAMO RECTO,NO CORRESPONDE,0
SANTA MARIA,CONDUCTOR,11,FEMENINO,TRIMOTO PASAJERO,MIÉRCOLES,13,CARRETERA,COMERCIAL,INTERSECCIÓN,HABILITADO,0
HUALMAY,CONDUCTOR,75,FEMENINO,ÓMNIBUS,VIERNES,10,AVENIDA,COMERCIAL,INTERSECCIÓN,NO HABILITADO,1
SURQUILLO,CONDUCTOR,77,MASCULINO,ÓMNIBUS,DOMINGO,10,AVENIDA,COMERCIAL,OTRO,NO CORRESPONDE,1
SANTA MARIA,NO CONDUCTOR,33,FEMENINO,ÓMNIBUS,VIERNES,10,CARRETERA,COMERCIAL,OTRO,NO HABILITADO,0
OYON,CONDUCTOR,38,MASCULINO,TRIMOTO PASAJERO,LUNES,18,AVENIDA,INDUSTRIAL,TRAMO RECTO,NO CORRESPONDE,0
EL AGUSTINO,PEATÓN,38,MASCULINO,AUTOMÓVIL,VIERNES,4,AVENIDA,ESCOLAR,TRAMO RECTO,NO CORRESPONDE,0
CHORRILLOS,NO CONDUCTOR,1,MASCULINO,CAMIÓN,JUEVES,22,CARRETERA,COMERCIAL,INTERSECCIÓN,NO HABILITADO,0
PARAMONGA,CONDUCTOR,7,FEMENINO,ÓMNIBUS,JUEVES,9,AVENIDA,COMERCIAL,TRAMO RECTO,NO CORRESPONDE,0
ATAVILLOS ALTO,NO CONDUCTOR,35,MASCULINO,CAMIONETA RURAL,LUNES,7,AVENIDA,RURAL,TRAMO RECTO,NO CORRESPONDE,0
SANTA ANITA,PEATÓN,15,MASCULINO,CAMIÓN,MARTES,21,AVENIDA,RESIDENCIAL,OTRO,NO CORRESPONDE,1
SANTA MARIA,NO CONDUCTOR,71,MASCULINO,OTRO,JUEVES,12,OTRO,INDUSTRIAL,TRAMO RECTO,NO CORRESPONDE,0
PACCHO,PEATÓN,65,FEMENINO,AUTOMÓVIL,JUEVES,5,AVENIDA,INDUSTRIAL,TRAMO RECTO,NO HABILITADO,0
CARABAYLLO,NO CONDUCTOR,96,FEMENINO,CAMIÓN,LUNES,22,CARRETERA,INDUSTRIAL,TRAMO RECTO,HABILITADO,1
CHICLA,NO CONDUCTOR,82,FEMENINO,TRIMOTO PASAJERO,MIÉRCOLES,5,CARRETERA,RESIDENCIAL,TRAMO RECTO,HABILITADO,1
VEGUETA,NO CONDUCTOR,97,MASCULINO,CAMIONETA RURAL,LUNES,14,OTRO,RESIDENCIAL,OTRO,NO CORRESPONDE,0
PUCUSANA,NO CONDUCTOR,59,FEMENINO,OTRO,SÁBADO,8,AVENIDA,COMERCIAL,TRAMO RECTO,NO CORRESPONDE,1
SUPE PUERTO,NO CONDUCTOR,71,FEMENINO,OTRO,VIERNES,8,CARRETERA,INDUSTRIAL,INTERSECCIÓN,HABILITADO,1
PARAMONGA,NO CONDUCTOR,56,FEMENINO,TRIMOTO PASAJERO,LUNES,10,AVENIDA,COMERCIAL,INTERSECCIÓN,NO CORRESPONDE,1
JESUS MARIA,CONDUCTOR,20,FEMENINO,TRIMOTO PASAJERO,VIERNES,16,CARRETERA,RESIDENCIAL,OTRO,HABILITADO,0
TANTA,PEATÓN,53,FEMENINO,AUTOMÓVIL,MIÉRCOLES,13,AVENIDA,RESIDENCIAL,TRAMO RECTO,NO CORRESPONDE,1
CAJATAMBO,PEATÓN,94,MASCULINO,ÓMNIBUS,JUEVES,18,OTRO,ESCOLAR,TRAMO RECTO,NO HABILITADO,0
LOS OLIVOS,NO CONDUCTOR,24,MASCULINO,CAMIONETA RURAL,LUNES,5,OTRO,INDUSTRIAL,INTERSECCIÓN,NO CORRESPONDE,1
SAN VICENTE DE CAÑETE,PEATÓN,18,FEMENINO,ÓMNIBUS,JUEVES,8,CARRETERA,INDUSTRIAL,TRAMO RECTO,NO CORRESPONDE,0
SAN BORJA,CONDUCTOR,46,MASCULINO,AUTOMÓVIL,JUEVES,15,CARRETERA,COMERCIAL,TRAMO RECTO,NO CORRESPONDE,0
SANTIAGO DE SURCO,PEATÓN,18,FEMENINO,AUTOMÓVIL,MARTES,11,OTRO,COMERCIAL,INTERSECCIÓN,NO CORRESPONDE,1
EL AGUSTINO,CONDUCTOR,67,FEMENINO,MOTOCICLETA,DOMINGO,23,OTRO,ESCOLAR,TRAMO RECTO,HABILITADO,1
PUCUSANA,PEATÓN,42,MASCULINO,CAMIONETA RURAL,MIÉRCOLES,21,AVENIDA,RURAL,OTRO,HABILITADO,1
TANTA,NO CONDUCTOR,25,MASCULINO,CAMIÓN,JUEVES,8,AVENIDA,RESIDENCIAL,TRAMO RECTO,HABILITADO,1
CAJATAMBO,NO CONDUCTOR,70,MASCULINO,TRIMOTO PASAJERO,JUEVES,22,AVENIDA,RESIDENCIAL,INTERSECCIÓN,HABILITADO,0
NAVAN,NO CONDUCTOR,49,MASCULINO,TRIMOTO PASAJERO,DOMINGO,14,AVENIDA,RESIDENCIAL,TRAMO RECTO,NO HABILITADO,1
PACHANGARA,PEATÓN,52,MASCULINO,ÓMNIBUS,SÁBADO,15,OTRO,RESIDENCIAL,TRAMO RECTO,HABILITADO,0
SAN ISIDRO,PEATÓN,31,FEMENINO,CAMIÓN,MARTES,6,OTRO,RESIDENCIAL,TRAMO RECTO,NO CORRESPONDE,0
SANTA CRUZ DE ANDAMARCA,PEATÓN,84,FEMENINO,TRIMOTO PASAJERO,LUNES,20,CARRETERA,INDUSTRIAL,TRAMO RECTO,NO HABILITADO,0
CHICLA,PEATÓN,21,FEMENINO,OTRO,MARTES,1,CARRETERA,ESCOLAR,INTERSECCIÓN,NO CORRESPONDE,0
MAGDALENA DEL MAR,CONDUCTOR,74,MASCULINO,ÓMNIBUS,MIÉRCOLES,5,AVENIDA,RESIDENCIAL,OTRO,HABILITADO,0
PUNTA NEGRA,NO CONDUCTOR,80,MASCULINO,TRIMOTO PASAJERO,LUNES,17,OTRO,INDUSTRIAL,OTRO,NO CORRESPONDE,1
SAN BARTOLO,NO CONDUCTOR,3,FEMENINO,AUTOMÓVIL,JUEVES,23,OTRO,RESIDENCIAL,TRAMO RECTO,NO HABILITADO,1
MATUCANA,CONDUCTOR,25,MASCULINO,TRIMOTO PASAJERO,VIERNES,21,CARRETERA,INDUSTRIAL,INTERSECCIÓN,HABILITADO,0
MANAS,NO CONDUCTOR,1,MASCULINO,CAMIONETA RURAL,SÁBADO,21,OTRO,RURAL,OTRO,HABILITADO,1
PUNTA HERMOSA,NO CONDUCTOR,24,FEMENINO,OTRO,MARTES,12,AVENIDA,RURAL,INTERSECCIÓN,NO CORRESPONDE,1
CHANCAY,CONDUCTOR,49,MASCULINO,ÓMNIBUS,VIERNES,1,CARRETERA,INDUSTRIAL,OTRO,NO HABILITADO,0
PACHANGARA,NO CONDUCTOR,76,FEMENINO,CAMIONETA RURAL,MARTES,21,AVENIDA,ESCOLAR,INTERSECCIÓN,NO CORRESPONDE,1
CAJATAMBO,PEATÓN,100,MASCULINO,ÓMNIBUS,SÁBADO,6,AVENIDA,COMERCIAL,INTERSECCIÓN,NO HABILITADO,1
CHANCAY,CONDUCTOR,40,MASCULINO,CAMIÓN,MIÉRCOLES,2,AVENIDA,RESIDENCIAL,OTRO,HABILITADO,0
PUNTA HERMOSA,PEATÓN,93,MASCULINO,AUTOMÓVIL,MIÉRCOLES,22,OTRO,RESIDENCIAL,TRAMO RECTO,HABILITADO,0
LOS OLIVOS,CONDUCTOR,84,FEMENINO,MOTOCICLETA,MARTES,6,CARRETERA,RURAL,INTERSECCIÓN,NO CORRESPONDE,1
VILLA EL SALVADOR,NO CONDUCTOR,99,MASCULINO,ÓMNIBUS,LUNES,4,AVENIDA,ESCOLAR,OTRO,HABILITADO,0
SAYAN,NO CONDUCTOR,77,FEMENINO,ÓMNIBUS,SÁBADO,19,OTRO,COMERCIAL,INTERSECCIÓN,NO HABILITADO,0
LOS OLIVOS,NO CONDUCTOR,14,FEMENINO,AUTOMÓVIL,LUNES,17,OTRO,RURAL,INTERSECCIÓN,HABILITADO,1
INDEPENDENCIA,PEATÓN,22,FEMENINO,MOTOCICLETA,VIERNES,18,CARRETERA,ESCOLAR,OTRO,NO HABILITADO,1
MANAS,PEATÓN,90,FEMENINO,OTRO,MARTES,18,CARRETERA,COMERCIAL,INTERSECCIÓN,NO HABILITADO,0
VEGUETA,CONDUCTOR,32,FEMENINO,AUTOMÓVIL,LUNES,23,CARRETERA,RURAL,TRAMO RECTO,NO CORRESPONDE,0
LURIGANCHO,NO CONDUCTOR,16,MASCULINO,TRIMOTO PASAJERO,JUEVES,21,CARRETERA,RESIDENCIAL,TRAMO RECTO,NO HABILITADO,0
LURIGANCHO,NO CONDUCTOR,27,FEMENINO,CAMIONETA RURAL,MARTES,1,OTRO,COMERCIAL,TRAMO RECTO,HABILITADO,1
LIMA,CONDUCTOR,64,FEMENINO,ÓMNIBUS,MARTES,10,AVENIDA,RURAL,OTRO,NO CORRESPONDE,0
SAN ANTONIO,CONDUCTOR,16,FEMENINO,CAMIÓN,VIERNES,9,CARRETERA,RESIDENCIAL,OTRO,HABILITADO,0
EL AGUSTINO,NO CONDUCTOR,75,MASCULINO,CAMIÓN,VIERNES,23,CARRETERA,RESIDENCIAL,INTERSECCIÓN,NO CORRESPONDE,1
SAN LUIS,PEATÓN,47,MASCULINO,OTRO,MARTES,15,CARRETERA,INDUSTRIAL,TRAMO RECTO,HABILITADO,0
SANTA ROSA,NO CONDUCTOR,97,FEMENINO,OTRO,SÁBADO,7,CARRETERA,COMERCIAL,INTERSECCIÓN,NO HABILITADO,0
MIRAFLORES,CONDUCTOR,51,FEMENINO,MOTOCICLETA,MARTES,3,OTRO,RESIDENCIAL,INTERSECCIÓN,NO HABILITADO,1
MIRAFLORES,PEATÓN,4,FEMENINO,CAMIONETA RURAL,DOMINGO,22,OTRO,COMERCIAL,OTRO,HABILITADO,1
CHILCA,PEATÓN,69,MASCULINO,AUTOMÓVIL,SÁBADO,10,AVENIDA,COMERCIAL,TRAMO RECTO,HABILITADO,0
LINCE,CONDUCTOR,20,FEMENINO,ÓMNIBUS,JUEVES,4,CARRETERA,RESIDENCIAL,INTERSECCIÓN,HABILITADO,0
MALA,NO CONDUCTOR,85,MASCULINO,ÓMNIBUS,JUEVES,10,CARRETERA,INDUSTRIAL,OTRO,HABILITADO,1
PUNTA HERMOSA,CONDUCTOR,99,MASCULINO,OTRO,SÁBADO,16,AVENIDA,COMERCIAL,OTRO,NO HABILITADO,0
SAYAN,NO CONDUCTOR,15,MASCULINO,MOTOCICLETA,VIERNES,18,CARRETERA,RESIDENCIAL,OTRO,NO HABILITADO,1
PUCUSANA,PEATÓN,87,MASCULINO,MOTOCICLETA,MARTES,18,CARRETERA,ESCOLAR,OTRO,HABILITADO,0
ANCON,PEATÓN,38,MASCULINO,AUTOMÓVIL,SÁBADO,6,OTRO,RURAL,OTRO,NO CORRESPONDE,0
PARAMONGA,NO CONDUCTOR,49,FEMENINO,CAMIONETA RURAL,JUEVES,12,AVENIDA,INDUSTRIAL,TRAMO RECTO,NO CORRESPONDE,0
HUARAL,PEATÓN,100,FEMENINO,TRIMOTO PASAJERO,SÁBADO,1,CARRETERA,ESCOLAR,TRAMO RECTO,NO CORRESPONDE,1
OYON,NO CONDUCTOR,87,FEMENINO,CAMIÓN,MIÉRCOLES,7,AVENIDA,RURAL,INTERSECCIÓN,HABILITADO,1
PACHANGARA,CONDUCTOR,94,MASCULINO,MOTOCICLETA,SÁBADO,20,AVENIDA,INDUSTRIAL,TRAMO RECTO,HABILITADO,0
HUANCAPON,CONDUCTOR,35,MASCULINO,ÓMNIBUS,VIERNES,12,CARRETERA,RESIDENCIAL,INTERSECCIÓN,NO CORRESPONDE,1
PATIVILCA,CONDUCTOR,66,FEMENINO,MOTOCICLETA,MARTES,3,CARRETERA,RURAL,OTRO,NO HABILITADO,1
NAVAN,PEATÓN,81,FEMENINO,OTRO,MIÉRCOLES,23,AVENIDA,INDUSTRIAL,OTRO,NO HABILITADO,1
MATUCANA,NO CONDUCTOR,62,FEMENINO,ÓMNIBUS,JUEVES,11,AVENIDA,INDUSTRIAL,INTERSECCIÓN,HABILITADO,0
AUCALLAMA,PEATÓN,100,FEMENINO,CAMIÓN,LUNES,13,CARRETERA,INDUSTRIAL,TRAMO RECTO,HABILITADO,0
VEGUETA,CONDUCTOR,42,MASCULINO,OTRO,JUEVES,15,CARRETERA,COMERCIAL,OTRO,HABILITADO,1
PACCHO,PEATÓN,95,FEMENINO,AUTOMÓVIL,DOMINGO,12,AVENIDA,ESCOLAR,TRAMO RECTO,HABILITADO,0
VILLA EL SALVADOR,NO CONDUCTOR,47,MASCULINO,CAMIONETA RURAL,MARTES,15,CARRETERA,INDUSTRIAL,TRAMO RECTO,NO CORRESPONDE,0
SAN BARTOLO,CONDUCTOR,11,FEMENINO,ÓMNIBUS,MIÉRCOLES,22,AVENIDA,RESIDENCIAL,INTERSECCIÓN,NO CORRESPONDE,0
AMBAR,CONDUCTOR,85,MASCULINO,CAMIÓN,MARTES,12,CARRETERA,ESCOLAR,OTRO,NO CORRESPONDE,0
SAN BORJA,CONDUCTOR,2,MASCULINO,AUTOMÓVIL,LUNES,1,CARRETERA,RURAL,OTRO,HABILITADO,0
SANTA CRUZ DE ANDAMARCA,CONDUCTOR,98,FEMENINO,AUTOMÓVIL,MARTES,3,OTRO,COMERCIAL,OTRO,NO HABILITADO,0
VILLA MARIA DEL TRIUNFO,CONDUCTOR,94,MASCULINO,CAMIONETA RURAL,MIÉRCOLES,23,AVENIDA,INDUSTRIAL,TRAMO RECTO,NO HABILITADO,1
CIENEGUILLA,NO CONDUCTOR,51,MASCULINO,CAMIONETA RURAL,LUNES,20,AVENIDA,RESIDENCIAL,TRAMO RECTO,NO HABILITADO,1
SAYAN,CONDUCTOR,72,FEMENINO,TRIMOTO PASAJERO,JUEVES,18,OTRO,RURAL,TRAMO RECTO,HABILITADO,1
HUANCAPON,CONDUCTOR,24,FEMENINO,ÓMNIBUS,JUEVES,14,AVENIDA,RURAL,INTERSECCIÓN,NO HABILITADO,1
BARRANCA,CONDUCTOR,0,MASCULINO,ÓMNIBUS,JUEVES,8,CARRETERA,INDUSTRIAL,TRAMO RECTO,HABILITADO,1
PUCUSANA,CONDUCTOR,29,FEMENINO,OTRO,LUNES,20,OTRO,RESIDENCIAL,TRAMO RECTO,NO CORRESPONDE,1
RIMAC,PEATÓN,49,FEMENINO,MOTOCICLETA,SÁBADO,4,AVENIDA,ESCOLAR,TRAMO RECTO,HABILITADO,0
PUNTA NEGRA,CONDUCTOR,84,FEMENINO,ÓMNIBUS,DOMINGO,12,CARRETERA,RURAL,TRAMO RECTO,HABILITADO,0
CHILCA,PEATÓN,76,MASCULINO,CAMIONETA RURAL,SÁBADO,9,CARRETERA,RESIDENCIAL,OTRO,NO HABILITADO,1
PUNTA HERMOSA,NO CONDUCTOR,57,FEMENINO,TRIMOTO PASAJERO,VIERNES,11,OTRO,COMERCIAL,OTRO,NO CORRESPONDE,1
SAN LUIS,CONDUCTOR,6,MASCULINO,TRIMOTO PASAJERO,MIÉRCOLES,7,AVENIDA,RURAL,TRAMO RECTO,NO HABILITADO,0
VILLA EL SALVADOR,NO CONDUCTOR,85,FEMENINO,MOTOCICLETA,MIÉRCOLES,2,OTRO,RURAL,INTERSECCIÓN,HABILITADO,0
SUPE PUERTO,NO CONDUCTOR,70,MASCULINO,TRIMOTO PASAJERO,MARTES,22,CARRETERA,RESIDENCIAL,TRAMO RECTO,NO HABILITADO,1
MANAS,NO CONDUCTOR,48,FEMENINO,TRIMOTO PASAJERO,JUEVES,3,AVENIDA,COMERCIAL,TRAMO RECTO,HABILITADO,0
VILLA EL SALVADOR,CONDUCTOR,11,FEMENINO,CAMIONETA RURAL,MIÉRCOLES,13,CARRETERA,ESCOLAR,OTRO,NO CORRESPONDE,0
SANTA ANITA,NO CONDUCTOR,69,MASCULINO,ÓMNIBUS,MARTES,12,AVENIDA,INDUSTRIAL,INTERSECCIÓN,NO CORRESPONDE,0
ATAVILLOS ALTO,PEATÓN,24,MASCULINO,OTRO,MIÉRCOLES,8,CARRETERA,RURAL,TRAMO RECTO,NO CORRESPONDE,1
CHILCA,PEATÓN,81,FEMENINO,CAMIÓN,MARTES,10,CARRETERA,ESCOLAR,TRAMO RECTO,HABILITADO,0
VILLA MARIA DEL TRIUNFO,CONDUCTOR,66,MASCULINO,ÓMNIBUS,JUEVES,5,CARRETERA,RESIDENCIAL,TRAMO RECTO,NO HABILITADO,0
NAVAN,PEATÓN,80,MASCULINO,CAMIÓN,JUEVES,5,OTRO,COMERCIAL,INTERSECCIÓN,HABILITADO,0
LOS OLIVOS,CONDUCTOR,18,FEMENINO,MOTOCICLETA,LUNES,7,CARRETERA,ESCOLAR,TRAMO RECTO,HABILITADO,1
EL AGUSTINO,PEATÓN,41,MASCULINO,AUTOMÓVIL,SÁBADO,13,AVENIDA,INDUSTRIAL,TRAMO RECTO,NO CORRESPONDE,1
PUEBLO LIBRE,PEATÓN,26,FEMENINO,OTRO,DOMINGO,8,CARRETERA,RESIDENCIAL,TRAMO RECTO,NO CORRESPONDE,1
VILLA EL SALVADOR,NO CONDUCTOR,2,MASCULINO,ÓMNIBUS,SÁBADO,18,OTRO,RURAL,OTRO,NO CORRESPONDE,1
HUARAL,NO CONDUCTOR,57,MASCULINO,AUTOMÓVIL,MARTES,2,AVENIDA,COMERCIAL,TRAMO RECTO,NO HABILITADO,1
VILLA MARIA DEL TRIUNFO,CONDUCTOR,24,MASCULINO,MOTOCICLETA,MIÉRCOLES,16,OTRO,ESCOLAR,INTERSECCIÓN,NO HABILITADO,1
CHECRAS,NO CONDUCTOR,5,FEMENINO,CAMIONETA RURAL,VIERNES,22,CARRETERA,RURAL,INTERSECCIÓN,NO CORRESPONDE,0
BARRANCA,NO CONDUCTOR,57,MASCULINO,ÓMNIBUS,LUNES,4,CARRETERA,ESCOLAR,OTRO,NO HABILITADO,0
LINCE,NO CONDUCTOR,68,FEMENINO,CAMIÓN,LUNES,10,CARRETERA,COMERCIAL,OTRO,NO HABILITADO,0
HUAURA,NO CONDUCTOR,10,MASCULINO,CAMIONETA RURAL,VIERNES,23,OTRO,COMERCIAL,OTRO,NO CORRESPONDE,1
CARABAYLLO,PEATÓN,83,MASCULINO,TRIMOTO PASAJERO,JUEVES,13,CARRETERA,RESIDENCIAL,INTERSECCIÓN,HABILITADO,1
CARABAYLLO,CONDUCTOR,66,MASCULINO,MOTOCICLETA,VIERNES,13,CARRETERA,ESCOLAR,TRAMO RECTO,HABILITADO,1
CIENEGUILLA,CONDUCTOR,24,MASCULINO,AUTOMÓVIL,DOMINGO,22,CARRETERA,RESIDENCIAL,INTERSECCIÓN,NO HABILITADO,1
LURIGANCHO,NO CONDUCTOR,57,MASCULINO,TRIMOTO PASAJERO,LUNES,21,AVENIDA,INDUSTRIAL,INTERSECCIÓN,HABILITADO,1
OYON,NO CONDUCTOR,100,FEMENINO,AUTOMÓVIL,JUEVES,10,CARRETERA,RESIDENCIAL,TRAMO RECTO,NO HABILITADO,0
LURIN,CONDUCTOR,69,FEMENINO,CAMIONETA RURAL,JUEVES,4,OTRO,ESCOLAR,TRAMO RECTO,NO CORRESPONDE,1
SUPE PUERTO,CONDUCTOR,94,FEMENINO,OTRO,VIERNES,14,AVENIDA,RURAL,TRAMO RECTO,HABILITADO,0
BARRANCO,CONDUCTOR,10,MASCULINO,ÓMNIBUS,SÁBADO,10,CARRETERA,INDUSTRIAL,OTRO,HABILITADO,0
MALA,CONDUCTOR,74,MASCULINO,TRIMOTO PASAJERO,VIERNES,22,OTRO,RESIDENCIAL,OTRO,NO CORRESPONDE,0
HUAURA,PEATÓN,1,FEMENINO,CAMIONETA RURAL,MIÉRCOLES,6,CARRETERA,COMERCIAL,TRAMO RECTO,NO CORRESPONDE,1
LA VICTORIA,PEATÓN,14,FEMENINO,AUTOMÓVIL,DOMINGO,5,AVENIDA,COMERCIAL,OTRO,HABILITADO,0
CIENEGUILLA,CONDUCTOR,86,FEMENINO,TRIMOTO PASAJERO,VIERNES,17,CARRETERA,COMERCIAL,TRAMO RECTO,NO HABILITADO,1
ANCON,CONDUCTOR,90,MASCULINO,CAMIONETA RURAL,MIÉRCOLES,9,CARRETERA,RURAL,TRAMO RECTO,NO HABILITADO,1
SAN BARTOLO,PEATÓN,84,MASCULINO,ÓMNIBUS,VIERNES,11,CARRETERA,COMERCIAL,OTRO,NO HABILITADO,1
LOS OLIVOS,CONDUCTOR,74,MASCULINO,ÓMNIBUS,MARTES,9,OTRO,RESIDENCIAL,TRAMO RECTO,NO CORRESPONDE,1
SAN JUAN DE LURIGANCHO,NO CONDUCTOR,93,FEMENINO,CAMIÓN,MARTES,8,AVENIDA,ESCOLAR,OTRO,NO CORRESPONDE,0
SANTA ROSA,CONDUCTOR,42,MASCULINO,CAMIONETA RURAL,SÁBADO,4,OTRO,ESCOLAR,TRAMO RECTO,NO HABILITADO,0
HUALMAY,CONDUCTOR,86,FEMENINO,CAMIONETA RURAL,MARTES,18,CARRETERA,COMERCIAL,INTERSECCIÓN,HABILITADO,0
CHICLA,PEATÓN,73,FEMENINO,CAMIÓN,VIERNES,15,CARRETERA,COMERCIAL,OTRO,HABILITADO,1
AMBAR,NO CONDUCTOR,99,FEMENINO,MOTOCICLETA,JUEVES,4,OTRO,COMERCIAL,TRAMO RECTO,HABILITADO,1
VILLA MARIA DEL TRIUNFO,PEATÓN,16,MASCULINO,ÓMNIBUS,LUNES,20,OTRO,ESCOLAR,TRAMO RECTO,HABILITADO,1
LURIGANCHO,PEATÓN,22,FEMENINO,MOTOCICLETA,VIERNES,20,OTRO,ESCOLAR,OTRO,NO HABILITADO,1
SAYAN,CONDUCTOR,66,FEMENINO,CAMIÓN,SÁBADO,19,OTRO,ESCOLAR,INTERSECCIÓN,NO CORRESPONDE,0
SANTA ROSA,NO CONDUCTOR,20,FEMENINO,AUTOMÓVIL,VIERNES,15,AVENIDA,COMERCIAL,TRAMO RECTO,NO CORRESPONDE,0
PUNTA HERMOSA,NO CONDUCTOR,44,FEMENINO,MOTOCICLETA,LUNES,13,AVENIDA,RURAL,TRAMO RECTO,NO HABILITADO,1
SANTA ROSA,PEATÓN,65,FEMENINO,CAMIONETA RURAL,JUEVES,15,CARRETERA,RURAL,INTERSECCIÓN,NO HABILITADO,0
CHECRAS,CONDUCTOR,81,MASCULINO,CAMIONETA RURAL,LUNES,23,CARRETERA,RESIDENCIAL,OTRO,NO CORRESPONDE,0
CHICLA,PEATÓN,22,MASCULINO,AUTOMÓVIL,JUEVES,7,AVENIDA,RESIDENCIAL,INTERSECCIÓN,NO CORRESPONDE,0
CIENEGUILLA,NO CONDUCTOR,75,MASCULINO,TRIMOTO PASAJERO,VIERNES,3,AVENIDA,INDUSTRIAL,TRAMO RECTO,NO CORRESPONDE,0
SAN ISIDRO,PEATÓN,1,MASCULINO,CAMIONETA RURAL,DOMINGO,23,OTRO,RURAL,OTRO,HABILITADO,0
JESUS MARIA,PEATÓN,23,MASCULINO,CAMIONETA RURAL,LUNES,16,AVENIDA,RURAL,TRAMO RECTO,NO CORRESPONDE,1
CARABAYLLO,PEATÓN,35,FEMENINO,CAMIÓN,JUEVES,16,CARRETERA,RESIDENCIAL,TRAMO RECTO,HABILITADO,1
VEGUETA,PEATÓN,80,FEMENINO,CAMIÓN,MIÉRCOLES,5,AVENIDA,COMERCIAL,INTERSECCIÓN,NO CORRESPONDE,1
SAN MATEO,CONDUCTOR,41,FEMENINO,CAMIONETA RURAL,DOMINGO,8,AVENIDA,COMERCIAL,TRAMO RECTO,HABILITADO,1
LINCE,NO CONDUCTOR,100,FEMENINO,OTRO,JUEVES,15,AVENIDA,COMERCIAL,OTRO,HABILITADO,0
SANTA MARIA,PEATÓN,26,FEMENINO,OTRO,DOMINGO,15,CARRETERA,RESIDENCIAL,TRAMO RECTO,HABILITADO,0
SAN JUAN DE LURIGANCHO,CONDUCTOR,18,FEMENINO,ÓMNIBUS,MARTES,10,AVENIDA,RESIDENCIAL,OTRO,HABILITADO,0
SAN MIGUEL,NO CONDUCTOR,93,FEMENINO,AUTOMÓVIL,LUNES,10,AVENIDA,RESIDENCIAL,OTRO,HABILITADO,1
TANTA,PEATÓN,87,MASCULINO,TRIMOTO PASAJERO,MIÉRCOLES,20,CARRETERA,COMERCIAL,INTERSECCIÓN,NO HABILITADO,0
LA MOLINA,CONDUCTOR,39,MASCULINO,CAMIONETA RURAL,VIERNES,8,AVENIDA,RURAL,TRAMO RECTO,NO CORRESPONDE,0
CHILCA,CONDUCTOR,99,MASCULINO,CAMIÓN,JUEVES,23,AVENIDA,RURAL,INTERSECCIÓN,NO HABILITADO,0
PACHANGARA,PEATÓN,25,FEMENINO,TRIMOTO PASAJERO,SÁBADO,23,OTRO,INDUSTRIAL,TRAMO RECTO,NO HABILITADO,0
VILLA MARIA DEL TRIUNFO,NO CONDUCTOR,71,FEMENINO,CAMIÓN,JUEVES,19,CARRETERA,INDUSTRIAL,TRAMO RECTO,HABILITADO,0
BARRANCO,PEATÓN,78,FEMENINO,OTRO,SÁBADO,4,CARRETERA,ESCOLAR,OTRO,NO CORRESPONDE,1
INDEPENDENCIA,NO CONDUCTOR,69,MASCULINO,CAMIONETA RURAL,DOMINGO,1,AVENIDA,RURAL,INTERSECCIÓN,NO HABILITADO,1
LINCE,PEATÓN,91,MASCULINO,CAMIONETA RURAL,SÁBADO,11,OTRO,INDUSTRIAL,OTRO,NO HABILITADO,0
CHACLACAYO,CONDUCTOR,41,MASCULINO,CAMIÓN,JUEVES,6,AVENIDA,RESIDENCIAL,INTERSECCIÓN,NO CORRESPONDE,1
SUPE,PEATÓN,10,MASCULINO,OTRO,VIERNES,3,OTRO,RESIDENCIAL,TRAMO RECTO,HABILITADO,1
CHILCA,NO CONDUCTOR,38,FEMENINO,CAMIONETA RURAL,JUEVES,2,OTRO,COMERCIAL,OTRO,NO CORRESPONDE,0
CHILCA,NO CONDUCTOR,35,FEMENINO,CAMIONETA RURAL,DOMINGO,11,AVENIDA,RESIDENCIAL,TRAMO RECTO,NO CORRESPONDE,1
CARABAYLLO,CONDUCTOR,1,MASCULINO,TRIMOTO PASAJERO,JUEVES,4,CARRETERA,ESCOLAR,OTRO,HABILITADO,0
SAN MIGUEL,NO CONDUCTOR,59,FEMENINO,AUTOMÓVIL,LUNES,22,CARRETERA,RESIDENCIAL,INTERSECCIÓN,HABILITADO,1
INDEPENDENCIA,PEATÓN,47,FEMENINO,OTRO,MIÉRCOLES,21,CARRETERA,COMERCIAL,INTERSECCIÓN,NO HABILITADO,0
CIENEGUILLA,NO CONDUCTOR,27,MASCULINO,CAMIONETA RURAL,LUNES,21,AVENIDA,RURAL,INTERSECCIÓN,HABILITADO,0
VILLA EL SALVADOR,PEATÓN,82,FEMENINO,ÓMNIBUS,VIERNES,14,AVENIDA,RESIDENCIAL,TRAMO RECTO,HABILITADO,1
MIRAFLORES,CONDUCTOR,85,FEMENINO,AUTOMÓVIL,JUEVES,2,OTRO,INDUSTRIAL,TRAMO RECTO,HABILITADO,1
INDEPENDENCIA,NO CONDUCTOR,57,FEMENINO,CAMIONETA RURAL,JUEVES,11,CARRETERA,INDUSTRIAL,TRAMO RECTO,NO HABILITADO,0
LURIGANCHO,PEATÓN,11,MASCULINO,TRIMOTO PASAJERO,SÁBADO,8,AVENIDA,RESIDENCIAL,INTERSECCIÓN,NO CORRESPONDE,0
CARABAYLLO,NO CONDUCTOR,65,MASCULINO,OTRO,MIÉRCOLES,4,OTRO,ESCOLAR,INTERSECCIÓN,HABILITADO,0
LIMA,CONDUCTOR,30,MASCULINO,OTRO,VIERNES,22,AVENIDA,INDUSTRIAL,INTERSECCIÓN,NO CORRESPONDE,0
PUCUSANA,CONDUCTOR,15,MASCULINO,CAMIÓN,DOMINGO,20,AVENIDA,COMERCIAL,TRAMO RECTO,HABILITADO,0
LURIGANCHO,NO CONDUCTOR,60,FEMENINO,AUTOMÓVIL,JUEVES,19,CARRETERA,RURAL,OTRO,NO CORRESPONDE,0
LA VICTORIA,NO CONDUCTOR,28,MASCULINO,TRIMOTO PASAJERO,DOMINGO,14,AVENIDA,RESIDENCIAL,INTERSECCIÓN,NO CORRESPONDE,1
SAN BORJA,NO CONDUCTOR,18,MASCULINO,MOTOCICLETA,MARTES,10,OTRO,COMERCIAL,INTERSECCIÓN,NO HABILITADO,0
SANTA MARIA,PEATÓN,38,MASCULINO,OTRO,VIERNES,13,OTRO,RESIDENCIAL,OTRO,HABILITADO,0
RIMAC,CONDUCTOR,26,MASCULINO,TRIMOTO PASAJERO,SÁBADO,11,CARRETERA,RESIDENCIAL,OTRO,HABILITADO,1
SUPE,CONDUCTOR,4,MASCULINO,OTRO,DOMINGO,8,AVENIDA,INDUSTRIAL,INTERSECCIÓN,NO HABILITADO,1
AUCALLAMA,CONDUCTOR,72,FEMENINO,ÓMNIBUS,LUNES,21,OTRO,COMERCIAL,OTRO,NO HABILITADO,0
LURIN,NO CONDUCTOR,38,MASCULINO,OTRO,DOMINGO,8,AVENIDA,RURAL,INTERSECCIÓN,NO CORRESPONDE,0
RIMAC,CONDUCTOR,42,MASCULINO,CAMIÓN,JUEVES,12,AVENIDA,RESIDENCIAL,INTERSECCIÓN,NO CORRESPONDE,1
VILLA MARIA DEL TRIUNFO,CONDUCTOR,47,MASCULINO,TRIMOTO PASAJERO,VIERNES,21,AVENIDA,COMERCIAL,TRAMO RECTO,HABILITADO,0
PUEBLO LIBRE,PEATÓN,20,FEMENINO,AUTOMÓVIL,DOMINGO,4,AVENIDA,INDUSTRIAL,OTRO,NO CORRESPONDE,1
SAN MIGUEL,NO CONDUCTOR,29,FEMENINO,CAMIÓN,VIERNES,21,AVENIDA,ESCOLAR,INTERSECCIÓN,HABILITADO,0
LIMA,PEATÓN,30,MASCULINO,MOTOCICLETA,VIERNES,10,AVENIDA,COMERCIAL,TRAMO RECTO,NO CORRESPONDE,0
SAN ANTONIO,CONDUCTOR,2,FEMENINO,TRIMOTO PASAJERO,SÁBADO,2,OTRO,COMERCIAL,OTRO,NO CORRESPONDE,1
CHICLA,PEATÓN,1,MASCULINO,OTRO,JUEVES,9,AVENIDA,RURAL,INTERSECCIÓN,HABILITADO,1
CHICLA,NO CONDUCTOR,3,MASCULINO,AUTOMÓVIL,SÁBADO,17,AVENIDA,RESIDENCIAL,TRAMO RECTO,NO CORRESPONDE,1
SANTA ROSA,PEATÓN,95,FEMENINO,MOTOCICLETA,LUNES,22,AVENIDA,ESCOLAR,TRAMO RECTO,NO CORRESPONDE,0
HUANCAPON,NO CONDUCTOR,38,FEMENINO,AUTOMÓVIL,LUNES,22,AVENIDA,COMERCIAL,TRAMO RECTO,NO CORRESPONDE,1
PACHANGARA,NO CONDUCTOR,95,MASCULINO,TRIMOTO PASAJERO,MARTES,3,CARRETERA,RURAL,TRAMO RECTO,NO CORRESPONDE,0
SAN BARTOLO,CONDUCTOR,34,FEMENINO,TRIMOTO PASAJERO,MIÉRCOLES,16,AVENIDA,RESIDENCIAL,OTRO,HABILITADO,1
PACHANGARA,CONDUCTOR,11,FEMENINO,CAMIONETA RURAL,MARTES,21,CARRETERA,RURAL,INTERSECCIÓN,NO CORRESPONDE,1
BARRANCA,PEATÓN,52,MASCULINO,CAMIONETA RURAL,VIERNES,1,OTRO,COMERCIAL,INTERSECCIÓN,NO CORRESPONDE,0
RICARDO PALMA,PEATÓN,24,FEMENINO,CAMIÓN,VIERNES,1,AVENIDA,RURAL,TRAMO RECTO,HABILITADO,0
SAYAN,CONDUCTOR,25,MASCULINO,CAMIONETA RURAL,MIÉRCOLES,17,OTRO,RESIDENCIAL,OTRO,HABILITADO,1
VILLA EL SALVADOR,CONDUCTOR,30,FEMENINO,CAMIONETA RURAL,DOMINGO,8,OTRO,COMERCIAL,INTERSECCIÓN,NO CORRESPONDE,0
HUAURA,NO CONDUCTOR,89,MASCULINO,ÓMNIBUS,SÁBADO,16,OTRO,ESCOLAR,TRAMO RECTO,NO CORRESPONDE,0
SUPE PUERTO,CONDUCTOR,22,FEMENINO,MOTOCICLETA,SÁBADO,21,AVENIDA,RURAL,TRAMO RECTO,HABILITADO,1
PUENTE PIEDRA,CONDUCTOR,51,FEMENINO,CAMIONETA RURAL,JUEVES,15,AVENIDA,RURAL,INTERSECCIÓN,NO HABILITADO,0
PACCHO,CONDUCTOR,72,FEMENINO,OTRO,JUEVES,12,AVENIDA,COMERCIAL,OTRO,NO CORRESPONDE,0
MANAS,NO CONDUCTOR,78,FEMENINO,CAMIONETA RURAL,DOMINGO,21,CARRETERA,ESCOLAR,TRAMO RECTO,NO HABILITADO,1
MATUCANA,PEATÓN,55,FEMENINO,CAMIÓN,MIÉRCOLES,13,OTRO,RURAL,INTERSECCIÓN,NO CORRESPONDE,0
SAN ANTONIO,PEATÓN,76,FEMENINO,MOTOCICLETA,JUEVES,22,OTRO,ESCOLAR,TRAMO RECTO,HABILITADO,1
SAN BARTOLO,NO CONDUCTOR,58,FEMENINO,MOTOCICLETA,MARTES,20,CARRETERA,RESIDENCIAL,INTERSECCIÓN,NO HABILITADO,1
MATUCANA,CONDUCTOR,86,FEMENINO,AUTOMÓVIL,MIÉRCOLES,12,CARRETERA,INDUSTRIAL,OTRO,NO HABILITADO,0
LA MOLINA,PEATÓN,12,MASCULINO,AUTOMÓVIL,MARTES,11,OTRO,RURAL,OTRO,NO CORRESPONDE,0
MATUCANA,NO CONDUCTOR,8,FEMENINO,AUTOMÓVIL,DOMINGO,2,AVENIDA,COMERCIAL,OTRO,HABILITADO,1
ATAVILLOS ALTO,NO CONDUCTOR,61,MASCULINO,MOTOCICLETA,LUNES,3,OTRO,INDUSTRIAL,OTRO,NO CORRESPONDE,0
INDEPENDENCIA,CONDUCTOR,37,FEMENINO,CAMIONETA RURAL,VIERNES,23,CARRETERA,RURAL,OTRO,NO CORRESPONDE,0
RICARDO PALMA,PEATÓN,22,MASCULINO,CAMIONETA RURAL,VIERNES,15,OTRO,RURAL,OTRO,HABILITADO,0
CHICLA,CONDUCTOR,26,FEMENINO,TRIMOTO PASAJERO,MIÉRCOLES,2,OTRO,INDUSTRIAL,TRAMO RECTO,NO HABILITADO,0
TANTA,PEATÓN,7,MASCULINO,ÓMNIBUS,LUNES,2,CARRETERA,COMERCIAL,TRAMO RECTO,NO CORRESPONDE,1
MALA,NO CONDUCTOR,12,MASCULINO,ÓMNIBUS,MARTES,15,OTRO,COMERCIAL,OTRO,HABILITADO,0
VEGUETA,PEATÓN,83,FEMENINO,CAMIÓN,SÁBADO,18,CARRETERA,ESCOLAR,INTERSECCIÓN,NO HABILITADO,0
LURIGANCHO,PEATÓN,6,MASCULINO,CAMIONETA RURAL,VIERNES,22,AVENIDA,RESIDENCIAL,OTRO,NO CORRESPONDE,0
ANCON,CONDUCTOR,17,MASCULINO,OTRO,JUEVES,3,OTRO,INDUSTRIAL,INTERSECCIÓN,NO HABILITADO,1
VILLA EL SALVADOR,CONDUCTOR,6,FEMENINO,TRIMOTO PASAJERO,DOMINGO,23,AVENIDA,COMERCIAL,OTRO,NO HABILITADO,0
BREÑA,NO CONDUCTOR,61,MASCULINO,ÓMNIBUS,DOMINGO,20,OTRO,INDUSTRIAL,OTRO,HABILITADO,1
SANTA MARIA,NO CONDUCTOR,28,FEMENINO,AUTOMÓVIL,MIÉRCOLES,18,AVENIDA,INDUSTRIAL,OTRO,NO HABILITADO,0
TANTA,NO CONDUCTOR,95,FEMENINO,CAMIONETA RURAL,MARTES,5,CARRETERA,COMERCIAL,TRAMO RECTO,NO CORRESPONDE,0
TANTA,NO CONDUCTOR,94,MASCULINO,AUTOMÓVIL,MARTES,16,OTRO,RURAL,INTERSECCIÓN,NO CORRESPONDE,1
AUCALLAMA,PEATÓN,34,FEMENINO,CAMIONETA RURAL,LUNES,14,AVENIDA,ESCOLAR,TRAMO RECTO,HABILITADO,0
JESUS MARIA,NO CONDUCTOR,43,FEMENINO,AUTOMÓVIL,VIERNES,10,CARRETERA,RESIDENCIAL,INTERSECCIÓN,NO HABILITADO,0
CHECRAS,CONDUCTOR,63,MASCULINO,CAMIONETA RURAL,VIERNES,8,OTRO,ESCOLAR,INTERSECCIÓN,NO HABILITADO,0
LOS OLIVOS,CONDUCTOR,8,FEMENINO,CAMIONETA RURAL,MARTES,11,CARRETERA,RURAL,OTRO,HABILITADO,1
MIRAFLORES,NO CONDUCTOR,78,MASCULINO,ÓMNIBUS,MIÉRCOLES,18,CARRETERA,COMERCIAL,TRAMO RECTO,NO HABILITADO,0
CHICLA,NO CONDUCTOR,29,FEMENINO,AUTOMÓVIL,LUNES,2,OTRO,INDUSTRIAL,TRAMO RECTO,NO CORRESPONDE,1
SAN LUIS,PEATÓN,15,FEMENINO,CAMIONETA RURAL,MARTES,11,CARRETERA,RURAL,TRAMO RECTO,NO HABILITADO,0
SAN MIGUEL,PEATÓN,15,FEMENINO,MOTOCICLETA,MIÉRCOLES,20,OTRO,INDUSTRIAL,OTRO,NO HABILITADO,0
CARABAYLLO,PEATÓN,2,MASCULINO,TRIMOTO PASAJERO,MARTES,1,OTRO,RURAL,INTERSECCIÓN,NO CORRESPONDE,1
OYON,PEATÓN,75,MASCULINO,TRIMOTO PASAJERO,SÁBADO,9,OTRO,INDUSTRIAL,INTERSECCIÓN,NO HABILITADO,0
LA VICTORIA,NO CONDUCTOR,20,FEMENINO,CAMIONETA RURAL,JUEVES,18,CARRETERA,RURAL,OTRO,NO HABILITADO,0
SANTA MARIA,CONDUCTOR,71,MASCULINO,AUTOMÓVIL,JUEVES,17,OTRO,INDUSTRIAL,OTRO,NO CORRESPONDE,0
BREÑA,PEATÓN,30,FEMENINO,ÓMNIBUS,JUEVES,7,OTRO,RESIDENCIAL,INTERSECCIÓN,HABILITADO,1
SANTA ANITA,NO CONDUCTOR,72,MASCULINO,TRIMOTO PASAJERO,MIÉRCOLES,23,CARRETERA,RURAL,INTERSECCIÓN,NO CORRESPONDE,0
PUEBLO LIBRE,PEATÓN,21,FEMENINO,OTRO,MARTES,8,AVENIDA,ESCOLAR,TRAMO RECTO,NO HABILITADO,0
TANTA,CONDUCTOR,23,MASCULINO,TRIMOTO PASAJERO,DOMINGO,21,AVENIDA,COMERCIAL,INTERSECCIÓN,NO HABILITADO,1
TANTA,NO CONDUCTOR,31,MASCULINO,OTRO,MIÉRCOLES,10,OTRO,ESCOLAR,OTRO,HABILITADO,0
AMBAR,NO CONDUCTOR,13,MASCULINO,ÓMNIBUS,LUNES,5,OTRO,RESIDENCIAL,OTRO,HABILITADO,1
CHICLA,PEATÓN,41,MASCULINO,AUTOMÓVIL,MIÉRCOLES,17,OTRO,RURAL,TRAMO RECTO,NO HABILITADO,1
SAN JUAN DE LURIGANCHO,NO CONDUCTOR,25,MASCULINO,CAMIONETA RURAL,JUEVES,3,AVENIDA,ESCOLAR,INTERSECCIÓN,NO CORRESPONDE,1
BARRANCO,CONDUCTOR,45,FEMENINO,AUTOMÓVIL,DOMINGO,16,OTRO,COMERCIAL,OTRO,HABILITADO,1
SAN ANTONIO,PEATÓN,31,FEMENINO,OTRO,LUNES,19,OTRO,RURAL,OTRO,NO CORRESPONDE,0
SAN VICENTE DE CAÑETE,PEATÓN,19,FEMENINO,TRIMOTO PASAJERO,MARTES,17,AVENIDA,RURAL,OTRO,HABILITADO,0
SURQUILLO,CONDUCTOR,1,MASCULINO,CAMIONETA RURAL,MARTES,5,CARRETERA,RESIDENCIAL,TRAMO RECTO,HABILITADO,1
CHICLA,PEATÓN,80,FEMENINO,AUTOMÓVIL,JUEVES,20,OTRO,ESCOLAR,OTRO,HABILITADO,0
LURIN,PEATÓN,18,FEMENINO,AUTOMÓVIL,MIÉRCOLES,22,CARRETERA,INDUSTRIAL,OTRO,NO HABILITADO,0
CHICLA,NO CONDUCTOR,45,FEMENINO,TRIMOTO PASAJERO,VIERNES,2,CARRETERA,COMERCIAL,INTERSECCIÓN,HABILITADO,1
INDEPENDENCIA,CONDUCTOR,68,MASCULINO,OTRO,JUEVES,21,CARRETERA,RURAL,TRAMO RECTO,NO HABILITADO,1
SAYAN,PEATÓN,42,FEMENINO,CAMIÓN,SÁBADO,5,OTRO,RESIDENCIAL,OTRO,NO HABILITADO,0
PUNTA NEGRA,NO CONDUCTOR,37,MASCULINO,CAMIÓN,MIÉRCOLES,15,AVENIDA,INDUSTRIAL,INTERSECCIÓN,NO CORRESPONDE,1
LURIGANCHO,CONDUCTOR,77,MASCULINO,TRIMOTO PASAJERO,MARTES,11,CARRETERA,INDUSTRIAL,OTRO,HABILITADO,0
SANTIAGO DE SURCO,PEATÓN,61,FEMENINO,AUTOMÓVIL,MIÉRCOLES,8,CARRETERA,INDUSTRIAL,OTRO,HABILITADO,1
SURQUILLO,PEATÓN,60,MASCULINO,TRIMOTO PASAJERO,SÁBADO,17,OTRO,RURAL,INTERSECCIÓN,HABILITADO,0
LURIGANCHO,NO CONDUCTOR,89,MASCULINO,OTRO,LUNES,16,AVENIDA,INDUSTRIAL,INTERSECCIÓN,HABILITADO,0
ATE,PEATÓN,99,MASCULINO,AUTOMÓVIL,LUNES,2,CARRETERA,RURAL,OTRO,HABILITADO,0
PUEBLO LIBRE,NO CONDUCTOR,81,MASCULINO,AUTOMÓVIL,JUEVES,11,OTRO,COMERCIAL,INTERSECCIÓN,NO CORRESPONDE,0
HUARAL,PEATÓN,78,FEMENINO,AUTOMÓVIL,MIÉRCOLES,8,AVENIDA,RURAL,TRAMO RECTO,NO CORRESPONDE,0
SAN JUAN DE LURIGANCHO,CONDUCTOR,57,MASCULINO,CAMIONETA RURAL,JUEVES,16,AVENIDA,INDUSTRIAL,INTERSECCIÓN,NO CORRESPONDE,0
LIMA,CONDUCTOR,72,FEMENINO,TRIMOTO PASAJERO,LUNES,17,CARRETERA,RESIDENCIAL,INTERSECCIÓN,NO HABILITADO,0
CAJATAMBO,NO CONDUCTOR,42,FEMENINO,TRIMOTO PASAJERO,MIÉRCOLES,22,AVENIDA,COMERCIAL,OTRO,NO HABILITADO,1
LA MOLINA,PEATÓN,20,MASCULINO,OTRO,MIÉRCOLES,17,AVENIDA,RESIDENCIAL,TRAMO RECTO,HABILITADO,1
BARRANCA,NO CONDUCTOR,73,FEMENINO,AUTOMÓVIL,MIÉRCOLES,11,CARRETERA,INDUSTRIAL,TRAMO RECTO,HABILITADO,1
MALA,CONDUCTOR,32,FEMENINO,OTRO,VIERNES,15,OTRO,RURAL,INTERSECCIÓN,NO CORRESPONDE,1
ATAVILLOS ALTO,CONDUCTOR,5,FEMENINO,MOTOCICLETA,JUEVES,11,OTRO,RURAL,OTRO,NO HABILITADO,1
PUCUSANA,NO CONDUCTOR,33,FEMENINO,ÓMNIBUS,LUNES,5,CARRETERA,RESIDENCIAL,OTRO,NO CORRESPONDE,1
LA MOLINA,NO CONDUCTOR,54,FEMENINO,MOTOCICLETA,VIERNES,1,AVENIDA,RURAL,OTRO,NO CORRESPONDE,0
MIRAFLORES,NO CONDUCTOR,1,MASCULINO,MOTOCICLETA,MIÉRCOLES,18,CARRETERA,RURAL,TRAMO RECTO,NO HABILITADO,1
PUNTA NEGRA,CONDUCTOR,47,MASCULINO,CAMIONETA RURAL,LUNES,14,CARRETERA,ESCOLAR,INTERSECCIÓN,NO HABILITADO,0
PUNTA HERMOSA,NO CONDUCTOR,80,MASCULINO,OTRO,MARTES,3,CARRETERA,ESCOLAR,OTRO,NO HABILITADO,1
SAYAN,NO CONDUCTOR,90,FEMENINO,MOTOCICLETA,MARTES,22,CARRETERA,RURAL,TRAMO RECTO,NO HABILITADO,0
CHANCAY,NO CONDUCTOR,26,FEMENINO,CAMIÓN,JUEVES,17,AVENIDA,COMERCIAL,OTRO,NO CORRESPONDE,1
CHANCAY,CONDUCTOR,97,FEMENINO,MOTOCICLETA,SÁBADO,21,CARRETERA,INDUSTRIAL,INTERSECCIÓN,HABILITADO,0
CHILCA,NO CONDUCTOR,37,FEMENINO,CAMIONETA RURAL,MARTES,13,AVENIDA,RESIDENCIAL,OTRO,HABILITADO,0
EL AGUSTINO,CONDUCTOR,28,MASCULINO,OTRO,SÁBADO,18,CARRETERA,ESCOLAR,OTRO,HABILITADO,0
PUNTA NEGRA,NO CONDUCTOR,46,FEMENINO,OTRO,SÁBADO,17,OTRO,RURAL,OTRO,NO CORRESPONDE,1
SANTA ROSA,CONDUCTOR,98,MASCULINO,CAMIONETA RURAL,DOMINGO,5,AVENIDA,ESCOLAR,OTRO,NO HABILITADO,1
SUPE,NO CONDUCTOR,72,MASCULINO,CAMIÓN,DOMINGO,21,CARRETERA,ESCOLAR,TRAMO RECTO,NO CORRESPONDE,0
CHILCA,CONDUCTOR,14,FEMENINO,ÓMNIBUS,LUNES,6,AVENIDA,RESIDENCIAL,TRAMO RECTO,HABILITADO,0
BARRANCO,NO CONDUCTOR,35,MASCULINO,AUTOMÓVIL,VIERNES,2,CARRETERA,RURAL,OTRO,NO CORRESPONDE,0
HUALMAY,NO CONDUCTOR,0,MASCULINO,CAMIÓN,VIERNES,23,AVENIDA,COMERCIAL,OTRO,NO CORRESPONDE,1
LINCE,CONDUCTOR,42,MASCULINO,ÓMNIBUS,DOMINGO,5,OTRO,RURAL,OTRO,NO HABILITADO,1
PACCHO,NO CONDUCTOR,57,MASCULINO,CAMIONETA RURAL,MIÉRCOLES,10,CARRETERA,COMERCIAL,OTRO,NO HABILITADO,1
SAYAN,CONDUCTOR,0,FEMENINO,AUTOMÓVIL,LUNES,22,OTRO,RURAL,TRAMO RECTO,NO HABILITADO,1
SAN JUAN DE LURIGANCHO,CONDUCTOR,45,MASCULINO,MOTOCICLETA,VIERNES,12,CARRETERA,RURAL,OTRO,HABILITADO,0
CHACLACAYO,PEATÓN,23,FEMENINO,CAMIONETA RURAL,VIERNES,2,CARRETERA,COMERCIAL,INTERSECCIÓN,NO CORRESPONDE,0
AUCALLAMA,NO CONDUCTOR,94,FEMENINO,MOTOCICLETA,JUEVES,5,OTRO,INDUSTRIAL,INTERSECCIÓN,HABILITADO,0
SAN JUAN DE LURIGANCHO,CONDUCTOR,43,FEMENINO,CAMIONETA RURAL,VIERNES,16,AVENIDA,COMERCIAL,TRAMO RECTO,NO HABILITADO,0
CHICLA,CONDUCTOR,99,FEMENINO,TRIMOTO PASAJERO,JUEVES,9,AVENIDA,COMERCIAL,INTERSECCIÓN,HABILITADO,0
BREÑA,CONDUCTOR,9,FEMENINO,TRIMOTO PASAJERO,JUEVES,14,AVENIDA,INDUSTRIAL,INTERSECCIÓN,NO CORRESPONDE,1
PATIVILCA,CONDUCTOR,86,MASCULINO,MOTOCICLETA,SÁBADO,21,AVENIDA,RESIDENCIAL,TRAMO RECTO,NO CORRESPONDE,0
PACCHO,PEATÓN,80,FEMENINO,AUTOMÓVIL,JUEVES,19,OTRO,COMERCIAL,TRAMO RECTO,NO CORRESPONDE,1
PACHACAMAC,CONDUCTOR,71,FEMENINO,AUTOMÓVIL,MARTES,11,OTRO,COMERCIAL,INTERSECCIÓN,NO CORRESPONDE,0
SANTA CRUZ DE ANDAMARCA,PEATÓN,30,MASCULINO,TRIMOTO PASAJERO,MARTES,12,CARRETERA,COMERCIAL,TRAMO RECTO,NO CORRESPONDE,0
SANTA MARIA,CONDUCTOR,67,FEMENINO,MOTOCICLETA,MIÉRCOLES,23,AVENIDA,RURAL,TRAMO RECTO,HABILITADO,0
SANTA MARIA,PEATÓN,30,MASCULINO,AUTOMÓVIL,DOMINGO,22,AVENIDA,ESCOLAR,INTERSECCIÓN,NO CORRESPONDE,0
JESUS MARIA,CONDUCTOR,69,MASCULINO,AUTOMÓVIL,JUEVES,13,OTRO,RURAL,INTERSECCIÓN,HABILITADO,0
SAN ANTONIO,CONDUCTOR,10,MASCULINO,MOTOCICLETA,DOMINGO,16,AVENIDA,COMERCIAL,TRAMO RECTO,NO CORRESPONDE,1
SAN BORJA,NO CONDUCTOR,58,FEMENINO,AUTOMÓVIL,MIÉRCOLES,17,CARRETERA,ESCOLAR,INTERSECCIÓN,NO HABILITADO,1
HUALMAY,PEATÓN,33,MASCULINO,CAMIÓN,MARTES,7,AVENIDA,RURAL,OTRO,NO HABILITADO,1
CHORRILLOS,NO CONDUCTOR,36,MASCULINO,AUTOMÓVIL,JUEVES,6,OTRO,COMERCIAL,TRAMO RECTO,NO CORRESPONDE,1
PUNTA NEGRA,CONDUCTOR,44,FEMENINO,AUTOMÓVIL,LUNES,7,CARRETERA,RESIDENCIAL,TRAMO RECTO,HABILITADO,0
LA MOLINA,PEATÓN,51,MASCULINO,CAMIONETA RURAL,SÁBADO,3,AVENIDA,RURAL,TRAMO RECTO,NO HABILITADO,0
RIMAC,PEATÓN,77,MASCULINO,AUTOMÓVIL,JUEVES,7,OTRO,COMERCIAL,INTERSECCIÓN,HABILITADO,1
CAJATAMBO,NO CONDUCTOR,71,FEMENINO,TRIMOTO PASAJERO,MIÉRCOLES,7,AVENIDA,ESCOLAR,OTRO,NO CORRESPONDE,1
PUCUSANA,NO CONDUCTOR,13,MASCULINO,CAMIÓN,MIÉRCOLES,23,AVENIDA,INDUSTRIAL,INTERSECCIÓN,HABILITADO,0
